year,period,company_name,company_code,company_type,company_status,salary_debt_changes,salary_debt_mark,salary_average_changes,salary_average_mark,financial_outturn_sales_percent,financial_outturn_sales_mark,financial_outturn_profit_percent,financial_outturn_profit_mark,financial_outturn_revenue_to_budget_percent,financial_outturn_revenue_to_budget_mark,financial_outturn_revenue_to_state_shareholder_percent,financial_outturn_revenue_to_state_shareholder_mark,financial_outturn_capital_investments_percent,financial_outturn_capital_investments_mark,profit_changes,profit_mark,covering_coefficient_end,covering_coefficient_mark,firmness_coefficient_end,firmness_coefficient_mark,solvency_coefficient_end,solvency_coefficient_mark,amortization_end,amortization_mark,audition_result,audition_mark,total_mark,final_assessment
2018,12,"ДЕРЖАВНЕ ПІДПРИЄМСТВО ""НАЦІОНАЛЬНА ЕНЕРГЕТИЧНА КОМПАНІЯ ""УКРЕНЕРГО""",00100227,ДП,працює,,2.0,142.0,1.0,99.4,0.0,111.2,1.0,,0.0,,0.0,117.5,1.0,146.4,5.0,1.4,1.0,0.7,0.0,0.4,0.0,37.3,1.0,,,12.0,задовільна
2018,12,"ДЕРЖАВНЕ ПІДПРИЄМСТВО ""КИЇВСЬКИЙ ІНСТИТУТ ІНЖЕНЕРНИХ ВИШУКУВАНЬ І ДОСЛІДЖЕНЬ ""ЕНЕРГОПРОЕКТ""",00113968,ДП,працює,100.0,0.0,155.9,1.0,57.4,0.0,0.0,0.0,4.4,0.0,,0.0,16.3,0.0,-6806.1,0.0,0.9,0.0,3.1,1.0,0.7,1.0,78.7,0.0,,,3.0,неефективна
2018,12,"ДП ""Український проектний та конструкторсько-технологічний інститут  ""Атоменергобудпроект""",00113980,ДП,не працює; перебуває у процедурі у ліквідації за рішенням органу влади,,,,,,,,,,,,,,,,,,,,,,,,,,,,
2018,12,"Державний Проектно-Вишукувальний та Науково-Дослідний Інститут ""Укренергомережпроект""",00114092,ДП,працює; звітність не надано,,,,,,,,,,,,,,,,,,,,,,,,,,,,
2018,12,"Державне підприємство ""Львівське конструкторське бюро""",00130044,ДП,працює,,2.0,87.1,0.0,86.6,0.0,86.1,0.0,103.5,1.0,0.0,0.0,100.0,1.0,132.0,5.0,1.4,1.0,0.8,0.0,0.5,1.0,50.1,1.0,,,12.0,задовільна
2018,12,"ДЕРЖАВНЕ ПІДПРИЄМСТВО ""НАУКОВО-ДОСЛІДНИЙ ІНСТИТУТ ВИСОКИХ НАПРУГ""",00130441,ДП,працює; перебуває у процедурі банкрутства - розпорядження майном,100.0,0.0,,0.0,10.7,0.0,0.0,0.0,0.0,0.0,0.0,0.0,3.0,0.0,136.7,0.0,0.4,0.0,-0.4,0.0,-0.7,0.0,84.7,0.0,,,0.0,неефективна
2018,12,"ДП ""Лисичанська ТЕЦ""",00131067,ДП,не працює; перебуває у процедурі банкрутства - ліквідація; Судове рішення про відміну державної реєстрації припинення юридичної особи №20Б/5014/2055/2012 від 04.07.2017,,,,,,,,,,,,,,,,,,,,,,,,,,,,
2018,12,"Державне підприємство з комплектної поставки устаткування ""Укренергокомплект""",00132842,ДП,не працює,,,,,,,,,,,,,,,,,,,,,,,,,,,,
2018,12,"ДП ""ПУГР""",00147921,ДП,працює,,2.0,142.3,1.0,137.2,1.0,93.6,0.0,79.5,0.0,,,12.0,0.0,-6.2,5.0,4.2,1.0,4.1,1.0,0.8,1.0,93.1,0.0,,,12.0,задовільна
2018,12,"Державне підприємство Український науково-дослідний інститут нафтопереробної промисловості ""МАСМА""",00149943,ДП,не працює; перебуває у процедурі банкрутства - розпорядження майном,,,,,,,,,,,,,,,,,,,,,,,,,,,,
2018,12,"ДП""Львівдіпронафтохім""",00150113,ДП,працює,,2.0,158.5,1.0,27.5,0.0,-441.6,0.0,0.0,0.0,,,0.0,0.0,1.3,0.0,1.3,1.0,0.2,0.0,0.2,0.0,93.4,0.0,,,4.0,неефективна
2018,12,"ДЕРЖАВНЕ ПІДПРИЄМСТВО ""ДАШАВСЬКИЙ ЗАВОД КОМПОЗИЦІЙНИХ МАТЕРІАЛІВ""",00152402,ДП,працює,,2.0,249.2,1,104.2,1.0,128.4,1.0,168.7,1.0,,,310.7,1.0,162.5,5.0,2.4,1.0,2.1,1.0,0.7,1.0,82.7,0.0,,,15.0,ефективна
2018,12,"ДП ""Інститут комплексної механізації очисних та підготовчих робіт"" (ІКМОПР)",00159284,ДП,не працює; перебуває у процедурі реорганізації; АТО,,,,,,,,,,,,,,,,,,,,,,,,,,,,
2018,12,ДРУГИЙ ВОЄНІЗОВАНИЙ ГІРНИЧОРЯТУВАЛЬНИЙ ЗАГІН,00159367,ДП,працює,,,,,66.27146585567341,0.0,0.0,1.0,,,,,70.66616954678274,0.0,682.6,5.0,3.4,1.0,0.6,0.0,0.1,0.0,90.9,0.0,,,7.0,неефективна
2018,12,Сьомий воєнізований гірничорятувальний загін,00159373,ДП,ів; У СКЛАДІ ЦШ ДВГРС,,,,,,,,,,,,,,,,,,,,,,,,,,,,
2018,12,П’ятий воєнізований гірничорятувальний загін,00159396,ДП,ів; У СКЛАДІ ЦШ ДВГС,,,,,,,,,,,,,,,,,,,,,,,,,,,,
2018,12,Восьмий воєнізований гірничорятувальний загін,00159427,ДП,працює,,,,,177.15580665363376,1.0,168.4,1.0,,,,,254.10234140980873,1.0,54.6,1.0,193.4,1.0,281.9,1.0,0.6,1.0,61.0,1.0,,,8.0,неефективна
2018,12,Оперативний воєнізований гірничорятувальний загін,00159441,ДП,ів; У СКЛАДІ ЦШ ДВГРС,,,,,,,,,,,,,,,,,,,,,,,,,,,,
2018,12,Перший воєнізований гірничорятувальний загін,00159456,ДП,ів; У СКЛАДІ ЦШ ДВГРС,,,,,,,,,,,,,,,,,,,,,,,,,,,,
2018,12,ДЕСЯТИЙ ВОЄНІЗОВАНИЙ ГІРНИЧОРЯТУВАЛЬНИЙ ЗАГІН,00159462,ДП,працює,,,,,83.89157734762438,0.0,130.6,1.0,,,,,8.34449840897672,0.0,-642.3,5.0,147.2,1.0,183.1,1.0,0.6,1.0,59.9,1.0,,,10.0,задовільна
2018,12,Шостий воєнізований гірничорятувальний загін,00159479,ДП,ів; У СКЛАДІ ЦШ ДВГРС,,,,,,,,,,,,,,,,,,,,,,,,,,,,
2018,12,Третій воєнізований гірничорятувальний загін,00159485,ДП,ів; У СКЛАДІ ЦШ ДВГРС,,,,,,,,,,,,,,,,,,,,,,,,,,,,
2018,12,ДП Пiвдендiпpошахт,00167606,ДП,не працює; перебуває у процедурі реорганізації,,,,,,,,,,,,,,,,,,,,,,,,,,,,
2018,12,"ДП ""Державна інвестиційна експертиза вугільної галузі ""Укрвуглеінвестекспертиза""",00168550,ДП,не працює; АТО,,,,,,,,,,,,,,,,,,,,,,,,,,,,
2018,12,"ДП ""Регіональне виробниче об’єднання  ""Укрвуглеекологія""",00170096,ДП,не працює; перебуває у процедурі банкрутства - ліквідація; АТО,,,,,,,,,,,,,,,,,,,,,,,,,,,,
2018,12,"ДП ""Донбаський  науково-дослідний і проектно-конструкторський вугільний інститут"" (ДонНДІ)",00171144,ДП,не працює; АТО,,,,,,,,,,,,,,,,,,,,,,,,,,,,
2018,12,Державний Макіївський  науково-дослідний інститут з безпеки робіт у гірничій промисловості (МакНДІ ),00174088,ДП,не працює; АТО,,,,,,,,,,,,,,,,,,,,,,,,,,,,
2018,12,"Науково-дослідний інститут гірничорятувальної справи та пожежної безпеки ""Респіратор""",00174102,ДП,не працює; АТО,,,,,,,,,,,,,,,,,,,,,,,,,,,,
2018,12,"ДЕРЖАВНЕ ПІДПРИЄМСТВО ""ДЕРЖАВНИЙ НАУКОВО-ДОСЛІДНИЙ, ПРОЕКТНО-КОНСТРУКТОРСЬКИЙ І ПРОЕКТНИЙ ІНСТИТУТ ВУГІЛЬНОЇ ПРОМИСЛОВОСТІ ""УКРНДІПРОЕКТ""",00174125,ДП,працює; перебуває у процедурі реорганізації,,,,,194.25021936914052,1.0,346.0759493670886,1.0,474.09282700421943,1.0,,,14.4375,0.0,142.9,0.0,3.1995859213250517,1.0,4.736922015182885,1.0,0.8256905013954384,1.0,80.81126501811046,0.0,,,6.0,неефективна
2018,12,"ДП ""Шахтоуправління ім. Газети ""Правда""",00174697,ДП,не працює; перебуває у процедурі у ліквідації за рішенням органу влади; АТО,,,,,,,,,,,,,,,,,,,,,,,,,,,,
2018,12,"ДП"" Шахта ""Петровська""",00174786,ДП,не працює; перебуває у процедурі у ліквідації за рішенням органу влади; АТО,,,,,,,,,,,,,,,,,,,,,,,,,,,,
2018,12,"Донецьке виробниче об'єднання по видобутку вугілля ""Донецьквугілля"":",00174800,ДП,не працює; АТО,,,,,,,,,,,,,,,,,,,,,,,,,,,,
2018,12,"ДП ""Шахта ""Гірник"" ВО ""Селидіввугілля""",00175308,ДП,не працює; перебуває у процедурі у ліквідації за рішенням органу влади,,,,,,,,,,,,,,,,,,,,,,,,,,,,
2018,12,"ДП ""Шахта ""Червоний Профінтерн"" ВО ""Орджонікідзевугілля"" Міністерства вугільної промисловості України",00175633,ДП,не працює; перебуває у процедурі у ліквідації за рішенням органу влади; АТО,,,,,,,,,,,,,,,,,,,,,,,,,,,,
2018,12,"ДП ""Шахта №3 ш/у ""Олександрівське"" ВО ""Орджонікідзевугілля""",00175641,ДП,не працює; перебуває у процедурі у ліквідації за рішенням органу влади; АТО,,,,,,,,,,,,,,,,,,,,,,,,,,,,
2018,12,"ДП ""Шахта ""Юний Комунар"" ВО ""Орджонікідзевугілля""",00175685,ДП,не працює; перебуває у процедурі у ліквідації за рішенням органу влади; АТО,,,,,,,,,,,,,,,,,,,,,,,,,,,,
2018,12,"ДП ""Шахта “Донецька “",00175716,ДП,не працює; перебуває у процедурі у ліквідації за рішенням органу влади; АТО,,,,,,,,,,,,,,,,,,,,,,,,,,,,
2018,12,"ДП ""Шахта ""Сніжнянська"" ВО ""Сніжнеантрацит""",00175739,ДП,не працює; перебуває у процедурі у ліквідації за рішенням органу влади; АТО,,,,,,,,,,,,,,,,,,,,,,,,,,,,
2018,12,"ДП ""Шахта ""Ремовская"" ВО ""Торезантрацит""",00175745,ДП,не працює; перебуває у процедурі у ліквідації за рішенням органу влади; АТО,,,,,,,,,,,,,,,,,,,,,,,,,,,,
2018,12,"ДП Шахта Виробничого об'єднання ""Сніжнеантрацит"" - ""Схід""",00175751,ДП,не працює; перебуває у процедурі у ліквідації за рішенням органу влади; АТО,,,,,,,,,,,,,,,,,,,,,,,,,,,,
2018,12,"ДП ""Шахта “Міуська” ВО ""Сніжнеантрацит""",00175774,ДП,не працює; перебуває у процедурі у ліквідації за рішенням органу влади; АТО,,,,,,,,,,,,,,,,,,,,,,,,,,,,
2018,12,"ДП ""ЦЗФ “Сніжнянська""",00175811,ДП,не працює; перебуває у процедурі у ліквідації за рішенням органу влади; АТО,,,,,,,,,,,,,,,,,,,,,,,,,,,,
2018,12,"ДП ""Шахта “Лісова”",00175840,ДП,не працює; перебуває у процедурі у ліквідації за рішенням органу влади; АТО,,,,,,,,,,,,,,,,,,,,,,,,,,,,
2018,12,"ДП ""Шахтоуправління ""Московське"" ДХК ""Шахтарськантрацит""",00176087,ДП,не працює; перебуває у процедурі у ліквідації за рішенням органу влади; АТО,,,,,,,,,,,,,,,,,,,,,,,,,,,,
2018,12,"ДП ""Шахта ""Ніканор"" ПО ""Луганськвугілля""",00176785,ДП,не працює; перебуває у процедурі у ліквідації за рішенням органу влади; АТО,,,,,,,,,,,,,,,,,,,,,,,,,,,,
2018,12,"ДП ""Шахта “Україна”",00176791,ДП,не працює; перебуває у процедурі у ліквідації за рішенням органу влади; АТО,,,,,,,,,,,,,,,,,,,,,,,,,,,,
2018,12,"ДП ""Шахта ""Слов'яносербська""",00176839,ДП,не працює; перебуває у процедурі у ліквідації за рішенням органу влади; АТО,,,,,,,,,,,,,,,,,,,,,,,,,,,,
2018,12,"ДП ""Шахта ""Бежанівська""",00177081,ДП,не працює; перебуває у процедурі у ліквідації за рішенням органу влади; АТО,,,,,,,,,,,,,,,,,,,,,,,,,,,,
2018,12,"ДП ""Шахта ""Луганська"" Виробничого об'єднання по видобутку вугілля ""Стахановуголь""",00177129,ДП,не працює; перебуває у процедурі у ліквідації за рішенням органу влади; АТО,,,,,,,,,,,,,,,,,,,,,,,,,,,,
2018,12,"ДП ""Шахта ім. В. Володарського"" ВО ""Свердловантрацит"" Міністерства вугільної промисловості",00178011,ДП,не працює; перебуває у процедурі у ліквідації за рішенням органу влади; АТО,,,,,,,,,,,,,,,,,,,,,,,,,,,,
2018,12,"ДП ""Шахта ""Ленінська"" ВО ""Свердловантрацит""",00178028,ДП,не працює; перебуває у процедурі у ліквідації за рішенням органу влади; АТО,,,,,,,,,,,,,,,,,,,,,,,,,,,,
2018,12,"ДЕРЖАВНЕ ПІДПРИЄМСТВО ""НОВОВОЛИНСЬКИЙ РЕМОНТНО-МЕХАНІЧНИЙ ЗАВОД""",00179000,ДП,працює; перебуває у процедурі реорганізації,,2.0,108.3,1.0,0.0,0.0,100.0,1.0,0.0,1.0,,,0.0,0.0,3900.0,5.0,0.3332060582919689,0.0,-0.3167255297679112,0.0,-0.46354070518737306,0.0,92.3025164849953,0.0,,,10.0,задовільна
2018,12,ДП „Сніжнянські центральні електромеханічні майстерні”,00179039,ДП,не працює; перебуває у процедурі банкрутства - ліквідація; АТО,,,,,,,,,,,,,,,,,,,,,,,,,,,,
2018,12,"ДП ""ДИРЕКЦІЯ  ПО БУДІВНИЦТВУ  ОБ''ЄКТІВ""",00179737,ДП,працює; перебуває у процедурі реорганізації,,,,,133.33616731848326,1.0,100.0,0.0,100.0,0.0,,,261.3333333333333,1.0,,3.0,5.675348164224996,1.0,13.2,1.0,,0.0,31.202691897654585,1.0,,,8.0,неефективна
2018,12,"ДП ""Ремонтно-будівельне управління Ханжонківське""",00179938,ДП,не працює; АТО,,,,,,,,,,,,,,,,,,,,,,,,,,,,
2018,12,"ДП ""Ремонтно-експлуатаційне підприємство житлово-комунального  господарства""",00180189,ДП,не працює; перебуває у процедурі банкрутства - ліквідація; АТО,,,,,,,,,,,,,,,,,,,,,,,,,,,,
2018,12,ДП „Луганське шахтобудівельне управління”,00180999,ДП,не працює; перебуває у процедурі у ліквідації за рішенням органу влади; АТО,,,,,,,,,,,,,,,,,,,,,,,,,,,,
2018,12,"ДП ""Ремонтно-будівельне управління""",00181183,ДП,не працює; перебуває у процедурі банкрутства - ліквідація,,,,,,,,,,,,,,,,,,,,,,,,,,,,
2018,12,"ДП ""Луганськвуглеремонт”",00182159,ДП,не працює; АТО,,,,,,,,,,,,,,,,,,,,,,,,,,,,
2018,12,"ДП ""Краснолучський відділ робітничого постачання""",00182395,ДП,не працює; АТО,,,,,,,,,,,,,,,,,,,,,,,,,,,,
2018,12,"ДП „Фірма матеріально-технічного забезпечення по збуту продукції” ВО ""Донецьквугілля""",00183360,ДП,не працює; перебуває у процедурі у ліквідації за рішенням органу влади; АТО,,,,,,,,,,,,,,,,,,,,,,,,,,,,
2018,12,"ДП ""Пролетарське УЖКГ"" 
ВО ""Донецьквугілля""",00183472,ДП,не працює; перебуває у процедурі банкрутства - ліквідація; АТО,,,,,,,,,,,,,,,,,,,,,,,,,,,,
2018,12,"ДП ""Червоногвардійське управління житлово-комунального господарства""",00183696,ДП,не працює; перебуває у процедурі банкрутства - ліквідація; АТО,,,,,,,,,,,,,,,,,,,,,,,,,,,,
2018,12,"ДП ""Управління житлово-комунального господарства"" 
ВО ""Красноармійськвугілля""",00183880,ДП,не працює; перебуває у процедурі банкрутства - ліквідація,,,,,,,,,,,,,,,,,,,,,,,,,,,,
2018,12,"ДП ""Шахта ""Ведмежоярська""",00184052,ДП,не працює; перебуває у процедурі у ліквідації за рішенням органу влади,,,,,,,,,,,,,,,,,,,,,,,,,,,,
2018,12,"ДП ""Сніжнянське управління житлово-комунального господарства""",00184268,ДП,не працює; перебуває у процедурі банкрутства - ліквідація; АТО,,,,,,,,,,,,,,,,,,,,,,,,,,,,
2018,12,"ДП ""Брянківське УЖКГ"" виробничого обєднання ""Стахановвугілля""",00184715,ДП,не працює; АТО,,,,,,,,,,,,,,,,,,,,,,,,,,,,
2018,12,ДП „Український науково-дослідний і проектно-конструкторський інститут по збагаченню та брикетуванню вугілля” (Укрндівуглезбагачення),00185755,ДП,не працює; перебуває у процедурі реорганізації; АТО,,,,,,,,,,,,,,,,,,,,,,,,,,,,
2018,12,ДП „Центральне бюро науково-технічної інформації вугільної промисловості” (ЦБНТІ),00185778,ДП,не працює; перебуває у процедурі реорганізації; АТО,,,,,,,,,,,,,,,,,,,,,,,,,,,,
2018,12,ДП „Донецький науково-дослідний вугільний інститут” (ДонВУГІ),00185790,ДП,не працює; перебуває у процедурі реорганізації; АТО,,,,,,,,,,,,,,,,,,,,,,,,,,,,
2018,12,"ДЕРЖАВНЕ ПІДПРИЄМСТВО ""СПЕЦІАЛІЗОВАНИЙ ЦЕНТР ""ВУГЛЕІЗОТОП""",00186022,ДП,працює,,,,,0.0,0.0,0.0,0.0,0.0,0.0,,,100.0,0.0,-14.6,5.0,0.8650910881339242,0.0,-0.07356219349086046,0.0,-0.07940327237728585,0.0,86.41328090869375,0.0,,,5.0,неефективна
2018,12,"ВО шахтної геології та технічного буріння ""Укрвуглегеологія""",00186080,ДП,не працює; перебуває у процедурі у ліквідації за рішенням органу влади; АТО,,,,,,,,,,,,,,,,,,,,,,,,,,,,
2018,12,"ДП ""Науково-дослідний та проектний інститут ""Укрдіпрогазоочистка""",00219388,ДП,не працює; перебуває у процедурі у ліквідації за рішенням органу влади,,,,,,,,,,,,,,,,,,,,,,,,,,,,
2018,12,"Державне підприємство ""Волиньторф""",00426302,ДП,працює,,2.0,139.7,1.0,0.0,0.0,104.0,1.0,83.33333333333334,0.0,,,0.0,0.0,121.1,5.0,1.7,1.0,1.0,0.0,0.4,0.0,74.3,0.0,,,10.0,задовільна
2018,12," ""Державне Львівське будівельно-монтажне управління ""Газмашбуд""",00467169,ДП,не працює; перебуває у процедурі у ліквідації за рішенням органу влади,,,,,,,,,,,,,,,,,,,,,,,,,,,,
2018,12,"УКРАЇНСЬКА ІНСПЕКЦІЯ ПО КОНТРОЛЮ ЯКОСТІ ТОРФЯНОЇ ПРОДУКЦІЇ І ПАЛИВНИХ БРИКЕТІВ ""УКРІНСПАЛИВО""",01886833,ДП,працює,,2.0,127.3,1.0,100.92696840051039,1.0,115.9,1.0,0.0,1.0,,,,,109.9,5.0,0.6827505043712173,0.0,-0.31691324815063887,0.0,-0.4639428993354664,0.0,99.51923076923076,0.0,,,11.0,задовільна
2018,12,"Державне підприємство ""Управління відомчої воєнізованої охорони""",02072239,ДП,працює,,2.0,121.3,1.0,190.5,1.0,535.8,1.0,246.7,1.0,,0.0,507.3,1.0,1622.5,5.0,1.2,1.0,-0.2,0.0,-0.1,0.0,80.9,0.0,,,13.0,задовільна
2018,12,ДП Житомирторф,02968154,ДП,працює,52.1,1.0,134.7,1.0,89.7141164659072,0.0,118.5,1.0,0.0,1.0,,,285.5695885957234,1.0,38.63,1.0,0.4,0.0,-0.3,0.0,-0.2298460020825341,0.0,74.6500645871715,0.0,,,6.0,неефективна
2018,12,"ДЕРЖАВНЕ ПІДПРИЄМСТВО КОРОСТИШІВСЬКИЙ ЗАВОД ""РЕММАШТОРФ""",02968160,ДП,працює,,2.0,99.4,0.0,220.19330341732828,1.0,76.47058823529412,1.0,0.0,0.0,,,,,,5.0,0.5,0.0,-0.2,0.0,-0.3,0.0,91.9,0.0,,,9.0,задовільна
2018,12,ДП Київторф,02968177,ДП,не працює,,,,,,,,,,,,,,,,,,,,,,,,,,,,
2018,12,"Державне підприємство ""Рівнеторф""",02968193,ДП,працює,,2.0,136.2,1.0,220.19330341732828,1.0,76.47058823529412,1.0,0.0,0.0,,,,,,5.0,0.5,0.0,-0.2,0.0,-0.3,0.0,91.9,0.0,,,10.0,задовільна
2018,12,ДП Сумиторф,02968208,ДП,працює; Звітнісь ненадано,,,,,,,,,,,,,,,,,,,,,,,,,,,,
2018,12,"Державне підприємство ""Чернігівторф""",02968220,ДП,працює,100.0,0.0,122.7,1.0,0.0,0.0,0.0,0.0,0.0,0.0,,,0.0,0.0,8.2,3.0,0.38,0.0,-0.48,0.0,-0.744123829543283,0.0,80.6336727694824,0.0,,,4.0,неефективна
2018,12,ДП Подiлляторф,02968875,ДП,не працює,,,,,,,,,,,,,,,,,,,,,,,,,,,,
2018,12,"ДП ""Лубенське районне управління магістральних нафтопродуктопроводів""",03017366,ДП,не працює; перебуває у процедурі реорганізації,,,,,,,,,,,,,,,,,,,,,,,,,,,,
2018,12,"ДП ""Підприємство комунальних  котелень та теплових мереж""",03365328,ДП,не працює; перебуває у процедурі банкрутства - ліквідація; АТО,,,,,,,,,,,,,,,,,,,,,,,,,,,,
2018,12,"ДП ""Кременчуцьке управління магістральних нафтопродуктопроводів""",03481313,ДП,не працює; перебуває у процедурі реорганізації,,,,,,,,,,,,,,,,,,,,,,,,,,,,
2018,12,"ДЕРЖАВНЕ ПІДПРИЄМСТВО ""ПІДПРИЄМСТВО ІЗ ЗАБЕЗПЕЧЕННЯ НАФТОПРОДУКТАМИ""",03482347,ДП,працює,,2.0,107.4,1.0,101.0,1.0,73.2,0.0,62.8,0.0,,,115.7,1.0,-2.7,5.0,31.2,1.0,34.0,1.0,0.9,1.0,99.9,0.0,,,13.0,задовільна
2018,12,"Державний проектний інститут ""Укрдіпронафтотранс""",03484174,ДП,не працює; перебуває у процедурі у ліквідації за рішенням органу влади,,,,,,,,,,,,,,,,,,,,,,,,,,,,
2018,12,"ДП ""ЗуЕТЕЦ""",04623778,ДП,не працює; перебуває у процедурі банкрутства - ліквідація; АТО,,,,,,,,,,,,,,,,,,,,,,,,,,,,
2018,12,"ДЕРЖАВНЕ ДОНБАСЬКЕ ПІДПРИЄМСТВО З ПУСКУ, НАЛАГОДЖУВАННЯ, ВДОСКОНАЛЕННЯ ТЕХНОЛОГІЇ ТА ЕКСПЛУАТАЦІЇ ЕЛЕКТРОСТАНЦІЙ ТА МЕРЕЖ «ДОНОРГРЕС»",04624513,ДП,працює,83.8,1.0,93.0,0.0,51.0,0.0,69.2,0.0,235.0,1.0,0.0,0.0,510.0,1.0,257.1,5.0,1.7,1.0,1.0,1.0,0.5,1.0,89.9,0.0,,,11.0,задовільна
2018,12,"ДЕРЖАВНЕ ПІДПРИЄМСТВО ""НАУКОВО-ДОСЛІДНИЙ, ПРОЕКТНИЙ І ВПРОВАДЖУВАЛЬНИЙ ЦЕНТР ОРГАНІЗАЦІЇ ПРАЦІ В ЕНЕРГЕТИЦІ ТА ЕНЕРГЕТИЧНОМУ БУДІВНИЦТВІ""УКРЕНЕРГОПРАЦЯ""",04624536,ДП,працює,,2.0,117.8,1.0,56.9,0.0,170.0,1.0,50.0,0.0,,0.0,,0.0,-1700.0,5.0,0.4,0.0,-0.6,0.0,-1.4,0.0,99.6,0.0,,,9.0,задовільна
2018,12,"ДЕРЖАВНЕ ПІДПРИЄМСТВО ""СПЕЦІАЛІЗОВАНИЙ ЦЕНТР ПІДГОТОВКИ КАДРІВ""",04642416,ДП,працює,31.9,1.0,92.4,0.0,157.8,1.0,183.3,1.0,126.7,1.0,,0.0,,0.0,80.3,1.0,0.3,0.0,1.3,1.0,0.6,1.0,97.0,0.0,,,7.0,неефективна
2018,12," ДП ""Науково-технічний центр проблем енергозбереження""",04721877,ДП,не працює; перебуває у процедурі реорганізації; АТО,,,,,,,,,,,,,,,,,,,,,,,,,,,,
2018,12,"Виробниче підприємство ""Західукрзакордоннафтогазбуд""",04750761,ДП,не працює; перебуває у процедурі банкрутства - санація,,,,,,,,,,,,,,,,,,,,,,,,,,,,
2018,12,Державний науково-дослідний інститут теплоенергетики,04775287,ДП,не працює; АТО,,,,,,,,,,,,,,,,,,,,,,,,,,,,
2018,12,"ДП ""Укренерготехцентр""",04802593,ДП,не працює; перебуває у процедурі у ліквідації за рішенням органу влади,,,,,,,,,,,,,,,,,,,,,,,,,,,,
2018,12,"Запорізьке державне науково-виробниче підприємство ""Система""",04883574,ДП,,,,,,,,,,,,,,,,,,,,,,,,,,,,,
2018,12,"Державне підприємство ""Дніпродіпрошахт""",05410777,ДП,працює; перебуває у процедурі реорганізації,,2.0,127.6,1.0,0.0,0.0,0.0,0.0,0.0,0.0,,,0.0,0.0,,,2.628712871287129,1.0,7.99,1.0,0.8877902455282747,1.0,64.17985853822836,1.0,,,7.0,неефективна
2018,12,"ДП ""Червоноградське шахтне ремонтно-будівельне управління""",05427826,ДП,не працює,,,,,,,,,,,,,,,,,,,,,,,,,,,,
2018,12,ДП „Шахта „Новодзержинська”,05473186,ДП,не працює; перебуває у процедурі реорганізації,,,,,,,,,,,,,,,,,,,,,,,,,,,,
2018,12,"ДП ""Трест ""Олександріярозрізобуд""",05473312,ДП,не працює; перебуває у процедурі банкрутства - ліквідація,,,,,,,,,,,,,,,,,,,,,,,,,,,,
2018,12,Штаб воєнізованих газорятувальних частин на нафтопереробних та нафтохімічних підприємствах,05495549,ДП,"працює; код 425, фіплан не розроблявся",,2.0,115.5,1.0,,,,,,,,,,,,,3519.3,1.0,,,,,100.0,0.0,,,4.0,неефективна
2018,12,"ДП ""Управління житлово-комунального господарства """,05500279,ДП,не працює; АТО,,,,,,,,,,,,,,,,,,,,,,,,,,,,
2018,12,"ДП ""Лисичанське управління магістральних нафтопродуктопроводів""",05509369,ДП,не працює; перебуває у процедурі реорганізації,,,,,,,,,,,,,,,,,,,,,,,,,,,,
2018,12,"Державна виробнича фірма технологічного зв’язку ""Укрнафтозв’язок""",05509375,ДП,не працює; перебуває у процедурі у ліквідації за рішенням органу влади,,,,,,,,,,,,,,,,,,,,,,,,,,,,
2018,12,"СПЕЦІАЛІЗОВАНЕ УПРАВЛІННЯ З РЕМОНТУ ЗАСОБІВ АВТОМАТИЗАЦІЇ І СИСТЕМ УПРАВЛІННЯ ""ОРГГАЗРЕМАВТОМАТИКА""",05794418,ДП,працює,,2.0,151.3,1.0,111.4,1.0,-3.9,0.0,0.0,0.0,,,29.0,0.0,-1276.7,0.0,10.3,1.0,9.4,1.0,0.9,1.0,98.5,0.0,,,7.0,неефективна
2018,12,Четвертий воєнізований гірничорятувальний загін,05803146,ДП,ів; АТО    У СКЛАДІ ЦШ ДВГРС,,,,,,,,,,,,,,,,,,,,,,,,,,,,
2018,12,"ДП ""Термодинамічний центр""",05813305,ДП,не працює; перебуває у процедурі реорганізації,,,,,,,,,,,,,,,,,,,,,,,,,,,,
2018,12,"Державне підприємство ""Механічні майстерні з ремонту гірничорятувального оснащення Державної воєнізованої гірничорятувальної служби у вугільній промисловості""",13476543,ДП,ів; АТО  У СКЛАДІ ЦШ ДВГРС,,,,,,,,,,,,,,,,,,,,,,,,,,,,
2018,12,"Державне мале підприємство ""Новатор""",13519169,ДП,не працює; перебуває у процедурі у ліквідації за рішенням органу влади; АТО,,,,,,,,,,,,,,,,,,,,,,,,,,,,
2018,12,"Державне підприємство з впровадження та налагодження засобів електронних вимірювань ""Укренергоналадкавимірювання""",13668596,ДП,не працює; перебуває у процедурі у ліквідації за рішенням органу влади,,,,,,,,,,,,,,,,,,,,,,,,,,,,
2018,12,"ДП ""Науково-виробничий центр ""Укренергоінформатизація""",13672008,ДП,не працює; перебуває у процедурі банкрутства - розпорядження майном,,,,,,,,,,,,,,,,,,,,,,,,,,,,
2018,12,"59 ДП ""Державний НДІПВІ в енергетиці та енергозбереженні""",13685287,ДП,не працює; перебуває у процедурі банкрутства - розпорядження майном,,,,,,,,,,,,,,,,,,,,,,,,,,,,
2018,12,"ДП ""Газсільбуд""",13734608,ДП,не працює; перебуває у процедурі у ліквідації за рішенням органу влади,,,,,,,,,,,,,,,,,,,,,,,,,,,,
2018,12,"Державне підприємство ""Кримський науково-інженерний центр""",13790848,ДП,працює,,2.0,71.0,0.0,92.7,0.0,54.7,0.0,,0.0,,0.0,,0.0,-132.9,5.0,3.0,1.0,2.0,1.0,0.7,1.0,93.9,0.0,,,10.0,задовільна
2018,12,"Державне науково-технічне підприємство ""Бурова техніка""",13957538,ДП,не працює; перебуває у процедурі у ліквідації за рішенням органу влади,,,,,,,,,,,,,,,,,,,,,,,,,,,,
2018,12,"Державне науково-виробниче підприємство фірма ""ПолімерСервісМаш""",14030269,ДП,працює,,2.0,269.5,1.0,100.1,1.0,102.7,1.0,75.0,0.0,,,0.0,0.0,296.2,5.0,9.6,1.0,6.4,1.0,0.7,1.0,97.9,0.0,,,13.0,задовільна
2018,12,"ДЕРЖАВНЕ ПІДПРИЄМСТВО ""ХАРКІВСЬКИЙ НАУКОВО-ДОСЛІДНИЙ ІНСТИТУТ КОМПЛЕКСНОЇ АВТОМАТИЗАЦІЇ""",14072049,ДП,працює,,2.0,135.3,1.0,101.7,1.0,102.5,1.0,,0.0,,0.0,60.7,0.0,37.9,1.0,6.3,1.0,7.3,1.0,0.9,1.0,27.2,1.0,,,10.0,задовільна
2018,12,"Державне підприємство ""Східний гірничо-збагачувальний комбінат""",14309787,ДП,працює,,2.0,155.6,1.0,111.9,1.0,104.0,1.0,120.1,1.0,,0.0,80.7,0.0,12.6,1.0,0.7,0.0,0.4,0.0,0.2,0.0,55.0,1.0,,,8.0,неефективна
2018,12,"ДЕРЖАВНЕ ПІДПРИЄМСТВО ""УКРАЇНСЬКИЙ НАУКОВО-ДОСЛІДНИЙ ТА ПРОЕКТНО-РОЗВІДУВАЛЬНИЙ ІНСТИТУТ ПРОМИСЛОВОЇ ТЕХНОЛОГІЇ""",14310483,ДП,працює,,2.0,84.4,0.0,104.3,1.0,0.0,0.0,14.4,0.0,,0.0,28.0,0.0,-4855.0,0.0,0.9,0.0,0.4,0.0,0.2,0.0,78.1,0.0,,,3.0,неефективна
2018,12,"ДП ""Виробниче конструкторсько-технологічне підприємство ""Ремтехнологія""",16505624,ДП,не працює; АРК,,,,,,,,,,,,,,,,,,,,,,,,,,,,
2018,12,Державне підприємство Лабораторія великомасштабних гідравлічних і геотехнічних досліджень,19096505,ДП,не працює,,,,,,,,,,,,,,,,,,,,,,,,,,,,
2018,12," Державна виробнича фірма ""Добропілляшахтобуд""",19379781,ДП,не працює; перебуває у процедурі банкрутства - ліквідація,,,,,,,,,,,,,,,,,,,,,,,,,,,,
2018,12,"Державне підприємство зовнішньоекономічної діяльності  ""Укрінтеренерго""",19480600,ДП,працює,,2.0,146.3,1.0,106.2,1.0,1849.5,1.0,,0.0,,0.0,101.1,1.0,27.5,1.0,4.2,1.0,4.8,1.0,0.8,1.0,36.2,1.0,,,11.0,задовільна
2018,12,ДП „Укрдонбасекологія”,20161768,ДП,не працює; перебуває у процедурі банкрутства - санація; АТО,,,,,,,,,,,,,,,,,,,,,,,,,,,,
2018,12,"ДП  ""ТВЕЛ""",20273384,ДП,не працює,,,,,,,,,,,,,,,,,,,,,,,,,,,,
2018,12,"ДП ""Сніжнянський комбінат харчування та торгівлі""",20315645,ДП,не працює; перебуває у процедурі у ліквідації за рішенням органу влади; АТО,,,,,,,,,,,,,,,,,,,,,,,,,,,,
2018,12,Центральний штаб Державної воєнізованої гірничорятувальної служби у вугільній промисловості,20335814,ДП,працює,,2.0,116.1,1.0,,,,,,,,,100.0,1.0,50.0,3.0,3.4,1.0,-1.5,0.0,-0.3,0.0,78.6,0.0,,,8.0,неефективна
2018,12,"ДП ""Шахта ""Річна""",20348662,ДП,не працює; перебуває у процедурі у ліквідації за рішенням органу влади; АТО,,,,,,,,,,,,,,,,,,,,,,,,,,,,
2018,12,"ДП ""Бориспільське підприємство магістральних нафтопродуктопроводів""",20576802,ДП,не працює; перебуває у процедурі реорганізації,,,,,,,,,,,,,,,,,,,,,,,,,,,,
2018,12,"ДП ""Дніпровибухпром""",20588567,ДП,не працює,,,,,,,,,,,,,,,,,,,,,,,,,,,,
2018,12,"ДП ""Центральне підприємство з переробки радіоактивних відходів""",20614632,ДП,не працює; перебуває у процедурі у ліквідації за рішенням органу влади,,,,,,,,,,,,,,,,,,,,,,,,,,,,
2018,12,ДП по газопост. та газиф Ланiвцiгаз,21149597,ДП,працює; перебуває у процедурі у ліквідації за рішенням органу влади,,,,,,,,,,,,,,,,,,,,,,,,,,,,
2018,12,"ДП по газопостачанню та газифікації ""ШУМСЬКГАЗ""",21155066,ДП,працює; перебуває у процедурі у ліквідації за рішенням органу влади,,,,,,,,,,,,,,,,,,,,,,,,,,,,
2018,12,"ДП ""Інтергазбуд""",21226501,ДП,не працює; перебуває у процедурі у ліквідації за рішенням органу влади,,,,,,,,,,,,,,,,,,,,,,,,,,,,
2018,12,"Українське об'єднання по переробці нафти ""Укрнафтохімпереробка""",21496028,ДП,не працює,,,,,,,,,,,,,,,,,,,,,,,,,,,,
2018,12,"Державне підприємство ""УКРЕНЕРГОІНВЕСТ""",21613310,ДП,працює,,2.0,109.3,1.0,48.4,0.0,-31.1,0.0,166.7,1.0,,,0.0,0.0,-18.8,0.0,0.5,0.0,-0.5,0.0,-1.1,0.0,66.7,1.0,,,5.0,неефективна
2018,12,"Державне підприємство з науково-технічних робіт по енергозбереженню в електроенергетиці ""Укренергоефективність""",21632715,ДП,не працює; перебуває у процедурі реорганізації,,,,,,,,,,,,,,,,,,,,,,,,,,,,
2018,12,"Об'єднання енергетичних підприємств ""Галузевий резервно-інвестиційний фонд розвитку енергетики""",21677681,ДП,працює; неприбуткове,,2.0,,1.0,,,,,,,,,,,,0.0,99.1,1.0,1.37,1.0,0.57,1.0,81.8,0.0,,,6.0,неефективна
2018,12,"ДП ""Торфодобувне підприємство ""Журавичі""",21739554,ДП,не працює; перебуває у процедурі у ліквідації за рішенням органу влади,,,,,,,,,,,,,,,,,,,,,,,,,,,,
2018,12,ДП „Кіровський ремонтно-механічний завод”,21775515,ДП,не працює; перебуває у процедурі у ліквідації за рішенням органу влади; АТО,,,,,,,,,,,,,,,,,,,,,,,,,,,,
2018,12,"ДП ""Луганськвуглебудреструктуризація""",21796598,ДП,не працює; перебуває у процедурі у ліквідації за рішенням органу влади; АТО,,,,,,,,,,,,,,,,,,,,,,,,,,,,
2018,12,"ДП ""Редакція газети ""Сбойка""",21843978,ДП,не працює; АТО,,,,,,,,,,,,,,,,,,,,,,,,,,,,
2018,12,"Мале державне підприємство ""Шляховик""",21999717,ДП,,,,,,,,,,,,,,,,,,,,,,,,,,,,,
2018,12," ""Дирекція з організації будівництва західно-українського нафтомаслозаводу""",22333044,ДП,не працює; перебуває у процедурі у ліквідації за рішенням органу влади,,,,,,,,,,,,,,,,,,,,,,,,,,,,
2018,12,"ДП ""Державна нафтогазова інспекція """,22878186,ДП,не працює; перебуває у процедурі реорганізації,,,,,,,,,,,,,,,,,,,,,,,,,,,,
2018,12,"Державне підприємство ""Інженерно-технічний центр по подготовці кадрів для атомної енергетики""",22962805,ДП,не працює,,,,,,,,,,,,,,,,,,,,,,,,,,,,
2018,12,"ДП ""Шахта ""Новомиргородська""",23095658,ДП,не працює; перебуває у процедурі у ліквідації за рішенням органу влади,,,,,,,,,,,,,,,,,,,,,,,,,,,,
2018,12,Мале державне підприємство “Камелія”,23186220,ДП,,,,,,,,,,,,,,,,,,,,,,,,,,,,,
2018,12,ДП „Центр підготовки та перепідготовки кадрів”,23343926,ДП,не працює; АТО,,,,,,,,,,,,,,,,,,,,,,,,,,,,
2018,12,"ДП ""Державна будівельно- промислова компанія ""Атомспецбуд""",23579847,ДП,не працює; перебуває у процедурі у ліквідації за рішенням органу влади,,,,,,,,,,,,,,,,,,,,,,,,,,,,
2018,12,"ДП ""Макіївський виробничо -торгівельний комплекс """,23779960,ДП,не працює; перебуває у процедурі у ліквідації за рішенням органу влади; АТО,,,,,,,,,,,,,,,,,,,,,,,,,,,,
2018,12,ДП „Проектно-конструкторське бюро”,24043770,ДП,не працює; перебуває у процедурі реорганізації; АТО,,,,,,,,,,,,,,,,,,,,,,,,,,,,
2018,12,"ДП ""Управління по бурінню технічних сверловин""",24150744,ДП,не працює; перебуває у процедурі банкрутства - ліквідація,,,,,,,,,,,,,,,,,,,,,,,,,,,,
2018,12,Українська державна компанія з реструктуризації підприємств вугільної промисловості Міністерства палива та енергетики,24166975,ДП,,,,,,,,,,,,,,,,,,,,,,,,,,,,,
2018,12," ДП ""Краснолучвуглепоставка""",24193469,ДП,не працює; перебуває у процедурі у ліквідації за рішенням органу влади; АТО,,,,,,,,,,,,,,,,,,,,,,,,,,,,
2018,12,"ДЕРЖАВНЕ ПІДПРИЄМСТВО ""ДЕРЖАВНИЙ НАУКОВО-ІНЖЕНЕРНИЙ ЦЕНТР СИСТЕМ КОНТРОЛЮ ТА АВАРІЙНОГО РЕАГУВАННЯ""",24249112,ДП,працює,,2.0,84.2,0.0,308.3,1.0,233.2,1.0,100.0,1.0,,,5071.8,1.0,74.1,1.0,2.8,1.0,3.0,1.0,0.7,1.0,37.0,1.0,,,11.0,задовільна
2018,12,ДП ДИМИТРОВСЬКИЙ УЧБОВО-КУРСОВИЙ КОМБІНАТ,24319172,ДП,працює,,,,,61.25000000000001,0.0,0.0,0.0,800.0,1.0,,,30.0,1.0,223.1,,0.78,0.0,2.3,1.0,0.6886543535620053,1.0,74.74048442906575,0.0,,,4.0,неефективна
2018,12,"ДП ""Управління по профілактиці, гасінню породних відвалів та рекультивації земель ""Жовтеньвугілля""",24319640,ДП,не працює; перебуває у процедурі банкрутства - ліквідація; АТО,,,,,,,,,,,,,,,,,,,,,,,,,,,,
2018,12,"ДП НАЕК ""Енергоатом""",24584661,ДП,працює,,2.0,131.1,1.0,101.2,1.0,1225.5,1.0,100.0,1.0,,,136.0,1.0,121.2,5.0,1.4,1.0,3.6,1.0,0.6,1.0,67.7,1.0,,,16.0,ефективна
2018,12,ДП по газопост. та газиф Пiдгайцiгаз,24630349,ДП,працює; перебуває у процедурі у ліквідації за рішенням органу влади,,,,,,,,,,,,,,,,,,,,,,,,,,,,
2018,12,"ДП ""Управління матеріально-технічного постачання ""Кальміуське""",24649811,ДП,не працює; перебуває у процедурі у ліквідації за рішенням органу влади; АТО,,,,,,,,,,,,,,,,,,,,,,,,,,,,
2018,12,"ДП ""Петровський завод вугільного машинобудування""",24806498,ДП,не працює; АТО,,,,,,,,,,,,,,,,,,,,,,,,,,,,
2018,12,"ДП ""Металіст""",24812843,ДП,не працює; перебуває у процедурі у ліквідації за рішенням органу влади; АТО,,,,,,,,,,,,,,,,,,,,,,,,,,,,
2018,12,"ДП ""Шахта ""Алмазна""",24852660,ДП,не працює; перебуває у процедурі у ліквідації за рішенням органу влади; АТО,,,,,,,,,,,,,,,,,,,,,,,,,,,,
2018,12,"ДП ""Торфодобувне підприємство ""Літин""",24902144,ДП,не працює; перебуває у процедурі у ліквідації за рішенням органу влади,,,,,,,,,,,,,,,,,,,,,,,,,,,,
2018,12,"ДП ""Машкомплект""",24929947,ДП,не працює,,,,,,,,,,,,,,,,,,,,,,,,,,,,
2018,12,Державне Науково-виробниче Підприємство Цирконій,25012091,ДП,працює; перебуває у процедурі банкрутства - санація,,2.0,89.7,0.0,,,,,,,,,,,27.7,1.0,0.03,0.0,-1.2,0.0,-14.1,0.0,89.2,0.0,,,3.0,неефективна
2018,12,"ДП ""Шахта ім. П.Л. Войкова""",25056154,ДП,не працює; перебуває у процедурі у ліквідації за рішенням органу влади; АТО,,,,,,,,,,,,,,,,,,,,,,,,,,,,
2018,12,"ДП ""Шахта №71 Індустрія”",25059402,ДП,не працює; перебуває у процедурі у ліквідації за рішенням органу влади; АТО,,,,,,,,,,,,,,,,,,,,,,,,,,,,
2018,12,"Державне науково-виробниче підприємство ""Вітроенергосервіс""",25131631,ДП,не працює; перебуває у процедурі реорганізації; АРК,,,,,,,,,,,,,,,,,,,,,,,,,,,,
2018,12,"ДП ""Чорнобильпроменергобуд""",25301719,ДП,працює,,2.0,117.2,1.0,446.0,1.0,380.0,1.0,192.3,1.0,0.0,0.0,172.9,1.0,415.6,5.0,39.0,1.0,4.3,1.0,0.1,0.0,75.9,0.0,,,14.0,ефективна
2018,12,"ДП ""Шахтобудівельне управління""",25367003,ДП,не працює; перебуває у процедурі у ліквідації за рішенням органу влади; АТО,,,,,,,,,,,,,,,,,,,,,,,,,,,,
2018,12,"ДП ""Центр альтернативних видів палива""",25590072,ДП,не працює; перебуває у процедурі реорганізації,,,,,,,,,,,,,,,,,,,,,,,,,,,,
2018,12,"ДП ""Український галузевий науково-інженерний центр ""Укренергодіагностика""",25805041,ДП,не працює; перебуває у процедурі у ліквідації за рішенням органу влади,,,,,,,,,,,,,,,,,,,,,,,,,,,,
2018,12,"ДП ""Вісник шахтаря""",25842504,ДП,не працює; перебуває у процедурі у ліквідації за рішенням органу влади,,,,,,,,,,,,,,,,,,,,,,,,,,,,
2018,12,"ДП ""Шахта імені Сергія Мироновича Кірова""",26497363,ДП,не працює; перебуває у процедурі у ліквідації за рішенням органу влади; АТО,,,,,,,,,,,,,,,,,,,,,,,,,,,,
2018,12,"ДП ""Шахта ""Голубівська""",26497379,ДП,не працює; перебуває у процедурі у ліквідації за рішенням органу влади; АТО,,,,,,,,,,,,,,,,,,,,,,,,,,,,
2018,12,"ДП ""Шахта ""Перевальська""",26497452,ДП,не працює; перебуває у процедурі у ліквідації за рішенням органу влади; АТО,,,,,,,,,,,,,,,,,,,,,,,,,,,,
2018,12,"ДП Теплоелектроцентраль-2 ""Есхар""",30034023,ДП,не працює; перебуває у процедурі у ліквідації за рішенням органу влади,,,,,,,,,,,,,,,,,,,,,,,,,,,,
2018,12,"ДП ""Екоенергопром""",30074244,ДП,не працює; АТО,,,,,,,,,,,,,,,,,,,,,,,,,,,,
2018,12,"Державне підприємство по збуту вугільної продукції ""Бурвуглезбут""",30103279,ДП,не працює; перебуває у процедурі у ліквідації за рішенням органу влади,,,,,,,,,,,,,,,,,,,,,,,,,,,,
2018,12,"ВО по видобутку бурого вугілля та його переробці ""Бурвуглекомплекс""",30109795,ДП,не працює; перебуває у процедурі у ліквідації за рішенням органу влади,,,,,,,,,,,,,,,,,,,,,,,,,,,,
2018,12,"ДП ""Придніпровський гідрометалургійний завод""",30168729,ДП,не працює; перебуває у процедурі банкрутства - ліквідація,,,,,,,,,,,,,,,,,,,,,,,,,,,,
2018,12,"Державне підприємство ""Смоли""",30168850,ДП,працює,,2.0,103.7,1.0,48.3,0.0,,0.0,34.3,0.0,,,5.3,0.0,-844.7,0.0,0.8,0.0,0.01,0.0,0.0,0.0,89.0,0.0,,,3.0,неефективна
2018,12,"ВО ""Красноармійськвугілля""",30208604,ДП,не працює; перебуває у процедурі реорганізації,,,,,,,,,,,,,,,,,,,,,,,,,,,,
2018,12,Державне підприємство підземного харчування,30399510,ДП,не працює; АТО,,,,,,,,,,,,,,,,,,,,,,,,,,,,
2018,12,"ДП ""Донузлавська вітрова електростанція""",30459364,ДП,не працює; перебуває у процедурі реорганізації; АРК,,,,,,,,,,,,,,,,,,,,,,,,,,,,
2018,12,"ДП ""Регіональний медико-реабілітаційний центр""",30463800,ДП,не працює; АТО,,,,,,,,,,,,,,,,,,,,,,,,,,,,
2018,12,"ДП ""Науково-медичний шахтарський центр""",30556030,ДП,не працює; АТО,,,,,,,,,,,,,,,,,,,,,,,,,,,,
2018,12,"Дочірне підприємство ВАТ ДХК ""Укрвуглересурссервіс"" ""Донецьквуглепереробка""",30600461,ДП,не працює; перебуває у процедурі у ліквідації за рішенням органу влади; АТО,,,,,,,,,,,,,,,,,,,,,,,,,,,,
2018,12,"ДП ""Шахта ""Жовтнева""",30623075,ДП,не працює; перебуває у процедурі у ліквідації за рішенням органу влади; АТО,,,,,,,,,,,,,,,,,,,,,,,,,,,,
2018,12,"ДП ""Шахта ім. Ф.П. Лютікова",30691255,ДП,не працює; перебуває у процедурі у ліквідації за рішенням органу влади; АТО,,,,,,,,,,,,,,,,,,,,,,,,,,,,
2018,12," ДП ""Шахта № 17-17 ""біс""",30701383,ДП,не працює; перебуває у процедурі у ліквідації за рішенням органу влади; АТО,,,,,,,,,,,,,,,,,,,,,,,,,,,,
2018,12,"ДП ""Шахта “Об‘єднана”",30775764,ДП,не працює; перебуває у процедурі у ліквідації за рішенням органу влади; АТО,,,,,,,,,,,,,,,,,,,,,,,,,,,,
2018,12,"ДП ""Кримські генеруючі системи""",30909683,ДП,не працює; АРК,,,,,,,,,,,,,,,,,,,,,,,,,,,,
2018,12,"ДП ""Шахта№6 ""Червона Зірка""",30962125,ДП,не працює; перебуває у процедурі у ліквідації за рішенням органу влади; АТО,,,,,,,,,,,,,,,,,,,,,,,,,,,,
2018,12,"ДП ""Торфодобувне підприємтво ""Клесівторф""",31092023,ДП,не працює; перебуває у процедурі у ліквідації за рішенням органу влади,,,,,,,,,,,,,,,,,,,,,,,,,,,,
2018,12,"ДП ""ОС ""МАСМА-СЕПРО""",31107102,ДП,працює,,2.0,129.6,1.0,102.2,1.0,59.1,0.0,94.3,0.0,,,123.2,1.0,51.4,1.0,2.7,1.0,3.6,1.0,0.8,1.0,82.9,0.0,,,9.0,задовільна
2018,12,"ДП ""Шахта ”Кіровська”",31231577,ДП,не працює; перебуває у процедурі у ліквідації за рішенням органу влади; АТО,,,,,,,,,,,,,,,,,,,,,,,,,,,,
2018,12,"ДП ""Донтепломаш""",31297198,ДП,не працює; перебуває у процедурі банкрутства - ліквідація; АТО,,,,,,,,,,,,,,,,,,,,,,,,,,,,
2018,12,"Державне підприємство ""Бар'єр""",31330051,ДП,працює,195.2,0.0,86.4,0.0,113.6,1.0,0.0,0.0,0.0,0.0,0.0,0.0,0.0,0.0,740.4,0.0,0.0,0.0,-0.5,0.0,-0.6,0.0,64.9,1.0,,,2.0,неефективна
2018,12,"ДП ""Центр промислових технологій""",31351690,ДП,не працює; перебуває у процедурі у ліквідації за рішенням органу влади,,,,,,,,,,,,,,,,,,,,,,,,,,,,
2018,12,"ДП ""Рембудтранс"" 
ВО ""Бурвуглекомплекс""",31360678,ДП,не працює; перебуває у процедурі у ліквідації за рішенням органу влади,,,,,,,,,,,,,,,,,,,,,,,,,,,,
2018,12,"ДП ""Шахта №9 “Капітальна”",31500591,ДП,не працює; перебуває у процедурі у ліквідації за рішенням органу влади; АТО,,,,,,,,,,,,,,,,,,,,,,,,,,,,
2018,12,"ДП ""Магніт""",31523493,ДП,не працює; перебуває у процедурі банкрутства - ліквідація,,,,,,,,,,,,,,,,,,,,,,,,,,,,
2018,12,"ДЕРЖАВНЕ ПІДПРИЄМСТВО ""ВУГІЛЬНА КОМПАНІЯ""КРАСНОЛИМАНСЬКА""",31599557,ДП,працює; Звітність не надано,,,,,,,,,,,,,,,,,,,,,,,,,,,,
2018,12,"ДП ""Сенсоркомплект""",31645168,ДП,не працює,,,,,,,,,,,,,,,,,,,,,,,,,,,,
2018,12,"ДП ""Шахта “Розсипнянська №2""",31846264,ДП,не працює; перебуває у процедурі у ліквідації за рішенням органу влади; АТО,,,,,,,,,,,,,,,,,,,,,,,,,,,,
2018,12,ДП „Сніжнеантрацит”,31906124,ДП,не працює; АТО,,,,,,,,,,,,,,,,,,,,,,,,,,,,
2018,12,"ДЕРЖАВНЕ ПІДПРИЄМСТВО ""МИРНОГРАДВУГІЛЛЯ""",32087941,ДП,працює; перебуває у процедурі банкрутства,,2.0,120.3,1.0,163.79446640316206,1.0,100.0,0.0,0.0,1.0,,,130.70866141732282,1.0,47.7,3.0,0.12584584398949406,0.0,-0.59,0.0,-1.2192796713802312,0.0,46.53020693910408,1.0,,,10.0,задовільна
2018,12,"ДП ""Центрально-Західна Компанія ""Вуглеторфреструктуризація""",32112705,ДП,не працює; перебуває у процедурі реорганізації,,,,,,,,,,,,,,,,,,,,,,,,,,,,
2018,12,"ДП ""Шахта №12 “Наклонна”",32123227,ДП,не працює; перебуває у процедурі у ліквідації за рішенням органу влади; АТО,,,,,,,,,,,,,,,,,,,,,,,,,,,,
2018,12,"ДП ""Шахта  „Заперевальна № 2”",32182971,ДП,не працює; перебуває у процедурі у ліквідації за рішенням органу влади; АТО,,,,,,,,,,,,,,,,,,,,,,,,,,,,
2018,12,"Державне підприємство ""Добропіллявугілля""",32186934,ДП,працює; перебуває у процедурі реорганізації,,,,,,,,,,,,,,,,,,,,,,,,,,,,
2018,12,ДП „Антрацит”,32226065,ДП,ів; ІВ,,,,,,,,,,,,,,,,,,,,,,,,,,,,
2018,12,ДП „Артемвугілля”,32270533,ДП,ів; ІВ,,,,,,,,,,,,,,,,,,,,,,,,,,,,
2018,12,ДП „Орджонікідзевугілля”,32276912,ДП,ів; ІВ,,,,,,,,,,,,,,,,,,,,,,,,,,,,
2018,12,ДП „Шахтарськантрацит”,32299510,ДП,не працює; АТО,,,,,,,,,,,,,,,,,,,,,,,,,,,,
2018,12,"ДЕРЖАВНЕ ПІДПРИЄМСТВО ""ПЕРВОМАЙСЬКВУГІЛЛЯ""",32320594,ДП,працює; перебуває у процедурі реорганізації,239.1,0.0,132.4,1.0,0.0,0.0,0.0,0.0,,,,,0.0,0.0,57.6,3.0,0.15701074817443933,0.0,-0.6590340443566317,0.0,-1.9328441254878395,0.0,62.53400968212125,1.0,,,5.0,неефективна
2018,12,ДП „Ровенькиантрацит”,32320704,ДП,не працює; АТО,,,,,,,,,,,,,,,,,,,,,,,,,,,,
2018,12,"ДЕРЖАВНЕ ПІДПРИЄМСТВО ""ЛЬВІВВУГІЛЛЯ""",32323256,ДП,працює; перебуває у процедурі реорганізації,,2.0,149.7,1.0,70.1248097412481,0.0,0.0,0.0,0.0,1.0,,,2.5,0.0,313.9,0.0,0.25088326848617293,0.0,-0.5654562309088237,0.0,-1.3012641559478424,0.0,66.18500837831027,1.0,,,5.0,неефективна
2018,12,ДП „Донецьквугілля”,32329398,ДП,не працює; перебуває у процедурі реорганізації; АТО,,,,,,,,,,,,,,,,,,,,,,,,,,,,
2018,12,ДП „Свердловантрацит”,32355669,ДП,не працює; АТО,,,,,,,,,,,,,,,,,,,,,,,,,,,,
2018,12,"ДП ""Волиньвугілля""",32365965,ДП,працює; перебуває у процедурі реорганізації,70.4,1.0,114.9,1.0,48.49493487698987,0.0,100.0,0.0,100.0,1.0,,,6.8181818181818175,0.0,66.8,3.0,0.10861611234234678,0.0,-0.819094750678942,0.0,-4.527755572339804,0.0,89.82537243032216,0.0,,,6.0,неефективна
2018,12,ДП „Торезантрацит”,32366906,ДП,не працює; АТО,,,,,,,,,,,,,,,,,,,,,,,,,,,,
2018,12,"ДП ""Шахта №3-біс""",32367056,ДП,не працює; перебуває у процедурі у ліквідації за рішенням органу влади; АТО,,,,,,,,,,,,,,,,,,,,,,,,,,,,
2018,12,"ДП ""Регіональні електричні мережі""",32402870,ДП,працює; перебуває у процедурі банкрутства - розпорядження майном,148.7,0.0,124.5,1.0,96.6,0.0,0.0,0.0,0.0,0.0,0.0,0.0,100.0,1.0,16.7,3.0,0.8,0.0,-0.2,0.0,-0.3,0.0,95.2,0.0,,,5.0,неефективна
2018,12,ДП „Макіїввугілля”,32442295,ДП,ів,,,,,,,,,,,,,,,,,,,,,,,,,,,,
2018,12,"ДЕРЖАВНЕ ПІДПРИЄМСТВО ""УКРШАХТГІДРОЗАХИСТ""",32442405,ДП,працює; перебуває у процедурі реорганізації,,,,,,,0.0,0.0,0.0,0.0,,,100.0,1.0,4423.4,,,0.0,-0.8,0.0,-2.0574504744678843,0.0,46.857543875535534,1.0,,,2.0,неефективна
2018,12,"ДП ""Донецька обласна дирекція з ліквідації збиткових вугледобувних та вуглепереробних підприємств"" (Донвуглереструктуризація)",32442610,ДП,не працює; перебуває у процедурі реорганізації; АТО,,,,,,,,,,,,,,,,,,,,,,,,,,,,
2018,12,ДП „Донбасантрацит”,32446546,ДП,не працює; АТО,,,,,,,,,,,,,,,,,,,,,,,,,,,,
2018,12,"ДП ""Луганська обласна  дирекція з ліквідації збиткових вугледобувних та вуглепереробних підприємств"" (Луганськвуглереструктуризація)",32449971,ДП,не працює; перебуває у процедурі реорганізації; АТО,,,,,,,,,,,,,,,,,,,,,,,,,,,,
2018,12,ДП „Луганськвугілля”,32473323,ДП,ів; ІВ,,,,,,,,,,,,,,,,,,,,,,,,,,,,
2018,12,"ДП ""Жовтеньвуглезбут""",32582282,ДП,не працює; перебуває у процедурі у ліквідації за рішенням органу влади; АТО,,,,,,,,,,,,,,,,,,,,,,,,,,,,
2018,12,"ДП ""Спеціалізований консалтинговий центр""",32620720,ДП,не працює; перебуває у процедурі у ліквідації за рішенням органу влади,,,,,,,,,,,,,,,,,,,,,,,,,,,,
2018,12,"ДП ""Шахта №4-21""",32645064,ДП,не працює; перебуває у процедурі реорганізації; АТО,,,,,,,,,,,,,,,,,,,,,,,,,,,,
2018,12,ДП Укрвуглеякiсть,32645403,ДП,ів; ІВ,,,,,,,,,,,,,,,,,,,,,,,,,,,,
2018,12,"ДЕРЖАВНЕ ПІДПРИЄМСТВО ""ВУГІЛЛЯ УКРАЇНИ""",32709929,ДП,не працює,,,,,,,,,,,,,,,,,,,,,,,,,,,,
2018,12,ДП „Донбасантрацитвуглезбут”,32716585,ДП,не працює; перебуває у процедурі у ліквідації за рішенням органу влади; АТО,,,,,,,,,,,,,,,,,,,,,,,,,,,,
2018,12,"ДП ""Шахта імені Ю.О.Гагаріна""",32782087,ДП,не працює; перебуває у процедурі у ліквідації за рішенням органу влади; АТО,,,,,,,,,,,,,,,,,,,,,,,,,,,,
2018,12,"ДП ""Шахтоуправління ""Зуєвське""",32953442,ДП,не працює; перебуває у процедурі у ліквідації за рішенням органу влади; АТО,,,,,,,,,,,,,,,,,,,,,,,,,,,,
2018,12,ДП „Луганська вугільна компанія”,33009272,ДП,не працює; перебуває у процедурі у ліквідації за рішенням органу влади; АТО,,,,,,,,,,,,,,,,,,,,,,,,,,,,
2018,12,"Державне підприємство ""38 відділ інженерно-технічних частин""",33127487,ДП,працює,0.0,2.0,109.1,1.0,374.3,1.0,104.3,1.0,100.6,1.0,0.0,0.0,8.7,0.0,125.0,5.0,1.7,1.0,0.9,0.0,0.1,0.0,72.0,0.0,,,12.0,задовільна
2018,12,Державне підприємство Донецька вугільна енергетична компанія,33161769,ДП,не працює,,,,,,,,,,,,,,,,,,,,,,,,,,,,
2018,12,"ДП ""Шахта ""Нова""",33316065,ДП,не працює; перебуває у процедурі у ліквідації за рішенням органу влади,,,,,,,,,,,,,,,,,,,,,,,,,,,,
2018,12,"ДП ""Торфодобувне підприємство ""Киселівка""",33322310,ДП,не працює; перебуває у процедурі у ліквідації за рішенням органу влади,,,,,,,,,,,,,,,,,,,,,,,,,,,,
2018,12,"ДП ""Шахта імені 60-річчя Великої Жовтневої Соціалістичної революції""",33331544,ДП,не працює; АТО,,,,,,,,,,,,,,,,,,,,,,,,,,,,
2018,12,"ДП ""Шахта імені Максима Горького""",33371807,ДП,не працює; перебуває у процедурі у ліквідації за рішенням органу влади; АТО,,,,,,,,,,,,,,,,,,,,,,,,,,,,
2018,12,"ДЕРЖАВНЕ ПІДПРИЄМСТВО ""СЕЛИДІВВУГІЛЛЯ""",33426253,ДП,працює; перебуває у процедурі реорганізації,180.9,0.0,108.6,1.0,113.97984886649874,1.0,100.0,0.0,,,,,41.14052953156823,0.0,117.1,0.0,0.15747452962472247,0.0,-0.7,0.0,-1.3907171819416921,0.0,67.73038380817637,1.0,,,3.0,неефективна
2018,12,"ДП ""Шахта ""Тернопільська""",33671425,ДП,не працює; перебуває у процедурі у ліквідації за рішенням органу влади; АТО,,,,,,,,,,,,,,,,,,,,,,,,,,,,
2018,12,"ДП ""Шахта ""Житомирська""",33671430,ДП,не працює; перебуває у процедурі у ліквідації за рішенням органу влади; АТО,,,,,,,,,,,,,,,,,,,,,,,,,,,,
2018,12," ""Севастопольський національний університет ядерної енергії та промисловості""",33729375,ДП,не працює; АРК,,,,,,,,,,,,,,,,,,,,,,,,,,,,
2018,12,"ДП ""Шахта ""Вінницька""",33772090,ДП,не працює; перебуває у процедурі у ліквідації за рішенням органу влади; АТО,,,,,,,,,,,,,,,,,,,,,,,,,,,,
2018,12,"ДП ""Шахта ""Постніківська""",33772106,ДП,не працює; перебуває у процедурі у ліквідації за рішенням органу влади; АТО,,,,,,,,,,,,,,,,,,,,,,,,,,,,
2018,12,"Державне підприємство ""Торецьквугілля""",33839013,ДП,працює; перебуває у процедурі реорганізації,,2.0,114.8,1.0,187.57988509457104,1.0,100.0,0.0,,,,,22.12096106048053,0.0,105.9,0.0,0.0859784050341146,0.0,-0.802901676913007,0.0,-4.07360988332017,0.0,65.3851106837811,1.0,,,5.0,неефективна
2018,12,Львівсько-Волинський воєнізований гірничорятувальний (аварійно-рятувальний) загін,33839804,ДП,працює,,,,,0.0,0.0,,,,,,,100.0,0.0,-139.3,,530.2,1.0,50.6,1.0,0.1,0.0,84.7,0.0,,,2.0,неефективна
2018,12,"ДП ""Пансіонат ""Ізумруд""",33965642,ДП,не працює; АРК,,,,,,,,,,,,,,,,,,,,,,,,,,,,
2018,12,"ДП ""Вугільна компанія ""Куйбишевська""",33966997,ДП,не працює; перебуває у процедурі у ліквідації за рішенням органу влади; АТО,,,,,,,,,,,,,,,,,,,,,,,,,,,,
2018,12,"ДЕРЖАВНЕ ПІДПРИЄМСТВО ""ШАХТОУПРАВЛІННЯ ""ПІВДЕННОДОНБАСЬКЕ №1""",34032208,ДП,працює; перебуває у процедурі реорганізації,140.3,0.0,123.2,1.0,102.64,1.0,337.5,1.0,,,,,0.0,0.0,3.3,3.0,0.17856797765706878,0.0,-0.5060906131923438,0.0,-1.0246628768556516,0.0,65.79842174551341,1.0,,,7.0,неефективна
2018,12,"ДП ""Укрвуглекомплект""",34053249,ДП,не працює; АТО,,,,,,,,,,,,,,,,,,,,,,,,,,,,
2018,12,"ДП ""Шахта ""Бендюзька""",34105422,ДП,не працює; перебуває у процедурі у ліквідації за рішенням органу влади,,,,,,,,,,,,,,,,,,,,,,,,,,,,
2018,12,"ДП ""Шахта ""Олександр-Захід""",34283654,ДП,не працює; перебуває у процедурі у ліквідації за рішенням органу влади; АТО,,,,,,,,,,,,,,,,,,,,,,,,,,,,
2018,12,"Державне підприємство ""Укртранснафтопродукт""",34355770,ДП,працює; звітність не надано,,,,,,,,,,,,,,,,,,,,,,,,,,,,
2018,12,"ДП ""Шахта ""Глибока""",34685706,ДП,не працює; перебуває у процедурі у ліквідації за рішенням органу влади; АТО,,,,,,,,,,,,,,,,,,,,,,,,,,,,
2018,12,"ДП ""Орджонікідзевантажтранс""",34778245,ДП,не працює; перебуває у процедурі реорганізації; АТО,,,,,,,,,,,,,,,,,,,,,,,,,,,,
2018,12,"ДП ""Вуглезбагачення""",34828133,ДП,не працює; перебуває у процедурі у ліквідації за рішенням органу влади; АТО,,,,,,,,,,,,,,,,,,,,,,,,,,,,
2018,12,"ДП ""Донецьквантажтранс""",34828840,ДП,не працює; АТО,,,,,,,,,,,,,,,,,,,,,,,,,,,,
2018,12,"Державне підприємство по видобутку бурого вугілля ""Бурвугілля""",34977347,ДП,не працює; перебуває у процедурі у ліквідації за рішенням органу влади,,,,,,,,,,,,,,,,,,,,,,,,,,,,
2018,12,"ДЕРЖАВНЕ ПІДПРИЄМСТВО ""ШАХТА ІМ.Д.С.КОРОТЧЕНКА""",35527931,ДП,працює,,,,,180.63577344974254,1.0,351.9178082191781,1.0,385.94890510948903,1.0,,,40.34860270815327,0.0,89.0,3.0,,0.0,-0.928745777101721,0.0,-13.03425592652352,0.0,27.382109868740883,1.0,,,7.0,неефективна
2018,12,"ДП ""Шахта ""Північна""",35552271,ДП,не працює; перебуває у процедурі у ліквідації за рішенням органу влади; АТО,,,,,,,,,,,,,,,,,,,,,,,,,,,,
2018,12,"ДП ""Шахта ""Комсомолець""",35626746,ДП,не працює; перебуває у процедурі у ліквідації за рішенням органу влади; АТО,,,,,,,,,,,,,,,,,,,,,,,,,,,,
2018,12,"ДЕРЖАВНИЙ КОНЦЕРН ""УКРТОРФ""",35633030,ДП,працює,,2.0,123.0,1.0,67.39261586176434,0.0,124.3,1.0,0.0,0.0,,,50.42636249481167,0.0,185.7,5.0,3.7,1.0,0.5,0.0,0.1,0.0,86.0,0.0,,,10.0,задовільна
2018,12,"Державне підприємство ""Передпускова дирекція шахти №10 ""Нововолинська""",35671961,ДП,працює; перебуває у процедурі реорганізації,,2.0,110.5,1.0,102.54358974358975,1.0,100.0,0.0,,,,,0.0,0.0,52.5,3.0,0.424076354679803,0.0,-0.5739180154820549,0.0,-1.346966162231352,0.0,71.98917456021651,0.0,,,7.0,неефективна
2018,12,"ДП ""З ліквідації збиткових вугледобувних, вуглепереробних та торфодобувних підприємств ""Укрвуглеторфреструктуризація""",35703830,ДП,не працює; перебуває у процедурі реорганізації,,,,,,,,,,,,,,,,,,,,,,,,,,,,
2018,12,"ДП ""Шахта № 13-біс""",35715940,ДП,не працює; перебуває у процедурі у ліквідації за рішенням органу влади; АТО,,,,,,,,,,,,,,,,,,,,,,,,,,,,
2018,12,"Державне підприємство ""Науково-виробничий комплекс ""Автоматика та машинобудування""",36004020,ДП,не працює; перебуває у процедурі реорганізації,,,,,,,,,,,,,,,,,,,,,,,,,,,,
2018,12,"ДП ""Укрвуглеперспектива""",36006248,ДП,не працює; АТО,,,,,,,,,,,,,,,,,,,,,,,,,,,,
2018,12,"ДП ""Дирекція з реструктуризації шахтного фонду""",36061246,ДП,не працює; перебуває у процедурі реорганізації; АТО,,,,,,,,,,,,,,,,,,,,,,,,,,,,
2018,12,"ДП ""Шахта ""Путилівська""",36167810,ДП,не працює; перебуває у процедурі реорганізації; АТО,,,,,,,,,,,,,,,,,,,,,,,,,,,,
2018,12,"ДП ""Шахта ім. Ю.О. Гагаріна - нова""",36263006,ДП,не працює; АТО,,,,,,,,,,,,,,,,,,,,,,,,,,,,
2018,12,"Державний концерн ""Ядерне паливо""",36282830,ДП,працює,0.0,2.0,187.4,1.0,0.0,0.0,180.0,1.0,107.5,1.0,0.0,0.0,0.0,0.0,163.6,5.0,1.3,1.0,56.4,1.0,1.0,1.0,47.3,1.0,,,14.0,ефективна
2018,12,"ДП ""Донецький регіональний учбовий центр""",36444081,ДП,не працює; перебуває у процедурі реорганізації; АТО,,,,,,,,,,,,,,,,,,,,,,,,,,,,
2018,12,"ДП ""Агроцех ""Жовторічанський""",36511461,ДП,не працює; перебуває у процедурі банкрутства - ліквідація,,,,,,,,,,,,,,,,,,,,,,,,,,,,
2018,12,"ДП ""Аграрний цех Саксаганський""",36595392,ДП,не працює; перебуває у процедурі банкрутства - ліквідація,,,,,,,,,,,,,,,,,,,,,,,,,,,,
2018,12,"ДП ""Шахта ім. 50 річчя Радянської України""",36952526,ДП,не працює; перебуває у процедурі у ліквідації за рішенням органу влади; АТО,,,,,,,,,,,,,,,,,,,,,,,,,,,,
2018,12,"ДЕРЖАВНЕ ПІДПРИЄМСТВО ""НАУКОВО-ТЕХНІЧНИЙ ЦЕНТР ""ВУГЛЕІННОВАЦІЯ""",37770008,ДП,працює; перебуває у процедурі реорганізації,,,,,71.56879835865527,0.0,0.0,0.0,100.0,0.0,,,,,-31.7,5.0,0.8264462809917356,0.0,-0.11483253588516747,0.0,-0.12972972972972974,0.0,95.10514865844814,0.0,,,5.0,неефективна
2018,12,"ДП ""Шахта ""Крепінська""",38075439,ДП,не працює; АТО,,,,,,,,,,,,,,,,,,,,,,,,,,,,
2018,12,"ДП ""Шахта № 5""",38696219,ДП,не працює; АТО,,,,,,,,,,,,,,,,,,,,,,,,,,,,
2018,12,"ДП ""Шахта № 4-21""",38706457,ДП,не працює; АТО,,,,,,,,,,,,,,,,,,,,,,,,,,,,
2018,12,"ДП ""Шахта ""Лідієвка""",38707754,ДП,не працює; АТО,,,,,,,,,,,,,,,,,,,,,,,,,,,,
2018,12,"Державне підприємство ""Агенція з питань нерухомості та земельних відносин в паливно-енергетичному комплексі України""",38881646,ДП,не працює,,,,,,,,,,,,,,,,,,,,,,,,,,,,
2018,12,"ДЕРЖАВНЕ ПІДПРИЄМСТВО ""НАУКОВО-ДОСЛІДНИЙ ІНСТИТУТ НАФТОПЕРЕРОБНОЇ ТА НАФТОХІМІЧНОЇ ПРОМИСЛОВОСТІ ""МАСМА""",38882770,ДП,працює; звітність не надано,,,,,,,,,,,,,,,,,,,,,,,,,,,,
2018,12,"ДП ""Шахта ""Моспінська""",38917064,ДП,не працює; АТО,,,,,,,,,,,,,,,,,,,,,,,,,,,,
2018,12,"ДП ""Шахта імені К.І. Кисельова""",39067119,ДП,не працює,,,,,,,,,,,,,,,,,,,,,,,,,,,,
2018,12,"ДЕРЖАВНЕ ПІДПРИЄМСТВО ""ОБ`ЄДНАНА КОМПАНІЯ ""УКРВУГЛЕРЕСТРУКТУРИЗАЦІЯ""",39244468,ДП,працює; перебуває у процедурі реорганізації,,,,,0.0,0.0,100.0,1.0,0.0,0.0,,,67.24121602424472,0.0,1.1,1.0,0.10548610536192289,0.0,-0.8,0.0,-0.6665451895043731,0.0,82.85903765382065,0.0,,,2.0,неефективна
2018,12,ДП ш-та № 5 Нововолинська,39366185,ДП,не працює; перебуває у процедурі у ліквідації за рішенням органу влади,,,,,,,,,,,,,,,,,,,,,,,,,,,,
2018,12,ДП Державна вугiльна компанiя,39388266,ДП,не працює,,,,,,,,,,,,,,,,,,,,,,,,,,,,
2018,12,"Державне підприємство ""Кременецьке управління з постачання та реалізації газу""",39460902,ДП,працює,,2.0,137.1,1.0,103.9,1.0,126.5,1.0,50.6,0.0,,,54.8,0.0,65.2,1.0,0.9,0.0,0.9,0.0,0.5,1.0,37.4,1.0,,,8.0,неефективна
2018,12,ДП Шахта Пiвденнодонбаська № 3 iм.М.С.С,39528169,ДП,не працює; перебуває у процедурі реорганізації,,,,,,,,,,,,,,,,,,,,,,,,,,,,
2018,12,ДП Шахта Вiзейська,39646625,ДП,не працює; перебуває у процедурі у ліквідації за рішенням органу влади,,,,,,,,,,,,,,,,,,,,,,,,,,,,
2018,12,ДП Спецiалiзована база з комплектної поставки електроенергетичного обладнання,39769130,ДП,не працює; перебуває у процедурі у ліквідації за рішенням органу влади,,,,,,,,,,,,,,,,,,,,,,,,,,,,
2018,12,"Державне підприємство ""Шахта №1 ""Нововолинська""",39806601,ДП,працює,83.8,1.0,116.8,1.0,0.0,0.0,0.0,0.0,0.0,0.0,,,0.0,0.0,76.9,3.0,0.16499883381276587,0.0,-0.7471870188321686,0.0,-2.9554930897165614,0.0,83.21728964710994,0.0,,,5.0,неефективна
2018,12,"ДП ""Українські газорозподільні мережі""",39896889,ДП,не працює,,,,,,,,,,,,,,,,,,,,,,,,,,,,
2018,12,"ДП ""ДЕРЖВУГЛЕПОСТАЧ""",40225511,ДП,працює,,,,,99.24176890643464,0.0,12.334656084656084,0.0,395.99651871192344,1.0,,,72.55639097744361,0.0,1.1,1.0,1.0070621824143633,1.0,,0.0,,0.0,41.25071715433161,1.0,,,4.0,неефективна
2018,12,"ДП ""Східвантажтранс""",40296032,ДП,не працює,,,,,,,,,,,,,,,,,,,,,,,,,,,,
2018,12,"""ДНДІОМШБ""",40336737,ДП,працює; перебуває у процедурі банкрутства - розпорядження майном,,,,,84.44666666666667,0.0,0.0,0.0,0.0,0.0,,,0.0,0.0,79.2,3.0,0.12566961054003184,0.0,-0.6674492705014254,0.0,-2.0070600100857288,0.0,81.62555254527307,0.0,,,3.0,неефективна
2018,12,"ДЕРЖАВНЕ ПІДПРИЄМСТВО ""ДОНДІПРОВУГЛЕМАШ""",40480162,ДП,працює; перебуває у процедурі реорганізації,,,,,12.388503468780971,0.0,0.0,0.0,0.0,0.0,,,0.0,0.0,52.1,3.0,1.4523614523614523,1.0,1.3707343707343707,1.0,0.5781897742975587,1.0,89.20858392564243,0.0,,,6.0,неефективна
2018,12,ДП Шахта Зарiчна,40578553,ДП,"не працює; ліквідація (розпорядження КМУ від 08.07.,15 № 696",,,,,,,,,,,,,,,,,,,,,,,,,,,,
2018,12,"ДЕРЖАВНЕ ПІДПРИЄМСТВО ""ШАХТА ІМ. М. С. СУРГАЯ""",40695853,ДП,працює; перебуває у процедурі реорганізації,476.0,0.0,115.6,1.0,107.59833260572604,1.0,7843.5,1.0,,,,,71.63920601383764,0.0,6.5,3.0,0.17990194050047498,0.0,-0.399,0.0,-0.5165722752226182,0.0,47.639064559749265,1.0,,,7.0,неефективна
2018,12,"ДЕРЖАВНЕ ПІДПРИЄМСТВО ""КАЛУСЬКА ТЕПЛОЕЛЕКТРОЦЕНТРАЛЬ-НОВА""",40885849,ДП,працює,0.0,2.0,114.2,1.0,101.3,1.0,167.5,1.0,100.0,1.0,0.0,0.0,103.3,1.0,27.4,1.0,1.3,1.0,1.0,1.0,0.5,1.0,44.2,1.0,,,12.0,задовільна
2018,12,"ДЕРЖАВНЕ ПІДПРИЄМСТВО ""УКРАЇНСЬКА ПАЛИВНО-ЕНЕРГЕТИЧНА КОМПАНІЯ""",41237774,ДП,працює; ЗВІТНІСТЬ НЕ НАДАНО,,,,,,,,,,,,,,,,,,,,,,,,,,,,
2018,12,"ДП ""Шахта № 9 ""Нововолинська""",41936988,ДП,не працює,,,,,,,,,,,,,,,,,,,,,,,,,,,,
2018,12,"ДП ""Національна вугільна компанія""",42164388,ДП,працює; новостворене (№ 1019-р від 06.12.2017),,,,,,,,,,,,,,,,,,,,,,,,,,,,
2018,12,"ДХК ""Жовтеньвугілля"":",00134901,ГТ(б50),не працює; АТО,,,,,,,,,,,,,,,,,,,,,,,,,,,,
2018,12,"ДВАТ ""Цегельний завод""",00168573,ГТ(б50),не працює; перебуває у процедурі у ліквідації за рішенням органу влади,,,,,,,,,,,,,,,,,,,,,,,,,,,,
2018,12,"ВАТ ""Шахтобудівне управління    № 2""",00171109,ГТ(б50),не працює; перебуває у процедурі у ліквідації за рішенням органу влади; АТО,,,,,,,,,,,,,,,,,,,,,,,,,,,,
2018,12,"ДВАТ ""Завод по ремонту гірничо-шахтного обладнання ""Супутник""- дочірнє підприємство ДХК ""Луганськвугілля""",00171121,ГТ(б50),не працює; АТО,,,,,,,,,,,,,,,,,,,,,,,,,,,,
2018,12,"ПАТ ""НДПІвуглеавтоматизація""",00174036,ГТ(б50),не працює; АТО,,,,,,,,,,,,,,,,,,,,,,,,,,,,
2018,12,"ВАТ ""Донецький проектно-конструкторський технологічний  інститут""",00174071,ГТ(б50),не працює; перебуває у процедурі банкрутства - санація; АТО,,,,,,,,,,,,,,,,,,,,,,,,,,,,
2018,12,ПАТ “Шахтоуправління „Донбас”,00174668,ГТ(б50),не працює; АТО,,,,,,,,,,,,,,,,,,,,,,,,,,,,
2018,12,"ДВАТ ""Шахта ім.60-річчя Радянської України""",00174705,ГТ(б50),не працює; перебуває у процедурі у ліквідації за рішенням органу влади; АТО,,,,,,,,,,,,,,,,,,,,,,,,,,,,
2018,12,"ДВАТ ""Шахта ""Бутовка-Донецька""",00174875,ГТ(б50),не працює; перебуває у процедурі у ліквідації за рішенням органу влади; АТО,,,,,,,,,,,,,,,,,,,,,,,,,,,,
2018,12,"ДВАТ ""Шахта ""Радянська"" - дочірнє підприємство 
ДХК ""Макіїввугілля""",00175047,ГТ(б50),не працює; перебуває у процедурі у ліквідації за рішенням органу влади; АТО,,,,,,,,,,,,,,,,,,,,,,,,,,,,
2018,12,"ДВАТ ""Шахта “Новогродівська”№2  - дочірнє підприємство ДХК ""Селидіввугілля",00175248,ГТ(б50),не працює; перебуває у процедурі у ліквідації за рішенням органу влади,,,,,,,,,,,,,,,,,,,,,,,,,,,,
2018,12,"ДВАТ ""Центральна збагачувальна фабрика ""Янівська""- дочірнє підприємство ДХК “Донбасантрацит”",00175573,ГТ(б50),не працює; перебуває у процедурі у ліквідації за рішенням органу влади; АТО,,,,,,,,,,,,,,,,,,,,,,,,,,,,
2018,12,"ДВАТ ""Шахта ""Ленінка"" - дочірнє підприємство 
ДХК ""Луганськвугілля""",00175768,ГТ(б50),не працює; перебуває у процедурі у ліквідації за рішенням органу влади; АТО,,,,,,,,,,,,,,,,,,,,,,,,,,,,
2018,12," ДВАТ ""ЦЗФ ""Киселівська""",00175805,ГТ(б50),не працює; перебуває у процедурі банкрутства - ліквідація; АТО,,,,,,,,,,,,,,,,,,,,,,,,,,,,
2018,12,"ВАТ ДХК ""Торезантрацит""",00175923,ГТ(б50),не працює; перебуває у процедурі реорганізації; АТО,,,,,,,,,,,,,,,,,,,,,,,,,,,,
2018,12,"ВАТ ДХК ""Шахтарськантрацит""",00175969,ГТ(б50),не працює; АТО,,,,,,,,,,,,,,,,,,,,,,,,,,,,
2018,12,"ДВАТ ""Шахта “Шахтарська”",00176130,ГТ(б50),не працює; перебуває у процедурі у ліквідації за рішенням органу влади; АТО,,,,,,,,,,,,,,,,,,,,,,,,,,,,
2018,12,"ВАТ ""Сокальське шахтоспецмонтажно-налагоджувальне підприємство""",00176271,ГТ(б50),не працює,,,,,,,,,,,,,,,,,,,,,,,,,,,,
2018,12,"ВАТ ""Шахта „Комісарівська” - дочірнє підприємство 
ДХК ""Луганськвугілля""",00176354,ГТ(б50),не працює; перебуває у процедурі у ліквідації за рішенням органу влади; АТО,,,,,,,,,,,,,,,,,,,,,,,,,,,,
2018,12,"ДВАТ ""ЦЗФ ""Селидівська"" дочірнє підприємство
ДХК ""Селидіввугілля""",00176437,ГТ(б50),не працює,,,,,,,,,,,,,,,,,,,,,,,,,,,,
2018,12," ДВАТ ""ЦЗФ ""Моспинська"" - дочірнє підприємство 
ДХК ""Донбасвуглезбагачення""",00176516,ГТ(б50),не працює; перебуває у процедурі у ліквідації за рішенням органу влади,,,,,,,,,,,,,,,,,,,,,,,,,,,,
2018,12,"ВАТ ""ДХК ""Донбасвуглезбагачення""",00176644,ГТ(б50),не працює; перебуває у процедурі банкрутства - ліквідація; АТО,,,,,,,,,,,,,,,,,,,,,,,,,,,,
2018,12," ДХК ""Луганськвугілля""",00176868,ГТ(б50),не працює; перебуває у процедурі у ліквідації за рішенням органу влади; АТО,,,,,,,,,,,,,,,,,,,,,,,,,,,,
2018,12,ПАТ „Шахта „Білоріченська”,00176897,ГТ(б50),не працює; АТО,,,,,,,,,,,,,,,,,,,,,,,,,,,,
2018,12,"ДВАТ ""Стахановський ремонтно-механічний завод""",00176934,ГТ(б50),не працює; АТО,,,,,,,,,,,,,,,,,,,,,,,,,,,,
2018,12,"ДВАТ ""Шахта “Краснопольївська”*",00177052,ГТ(б50),не працює; перебуває у процедурі у ліквідації за рішенням органу влади; АТО,,,,,,,,,,,,,,,,,,,,,,,,,,,,
2018,12,"ДВАТ ""Стахановське енергоуправління"" дочірне підприємство ДХК ""Луганськвугілля""",00177141,ГТ(б50),не працює; АТО,,,,,,,,,,,,,,,,,,,,,,,,,,,,
2018,12,"ВАТ ДХК ""Первомайськвугілля""",00177170,ГТ(б50),не працює; перебуває у процедурі у ліквідації за рішенням органу влади; АТО,,,,,,,,,,,,,,,,,,,,,,,,,,,,
2018,12,"ДВАТ ""Шахта ім. В.Р.Менжинського"" - дочірне підприємство ДХК""Первомайськвугілля""",00177276,ГТ(б50),не працює; АТО,,,,,,,,,,,,,,,,,,,,,,,,,,,,
2018,12,"ДВАТ ""Шахта ""Родіна"" дочірнього підприємства ДХК ""Первомайськвугілля""*",00177299,ГТ(б50),не працює; перебуває у процедурі у ліквідації за рішенням органу влади,,,,,,,,,,,,,,,,,,,,,,,,,,,,
2018,12,"ДВАТ ""Шахта ""Райдуга"" - дочірнє підприємство 
ДХК ""Первомайськвугілля""",00177326,ГТ(б50),не працює; перебуває у процедурі у ліквідації за рішенням органу влади; АТО,,,,,,,,,,,,,,,,,,,,,,,,,,,,
2018,12,"ВАТ ДХК ""Донбасантрацит"":",00177388,ГТ(б50),не працює; АТО,,,,,,,,,,,,,,,,,,,,,,,,,,,,
2018,12,"ДВАТ ""Шахта ""Майська"" - дочірнє підприємство 
ДХК ""Свердловантрацит""",00177980,ГТ(б50),не працює; перебуває у процедурі у ліквідації за рішенням органу влади; АТО,,,,,,,,,,,,,,,,,,,,,,,,,,,,
2018,12,"ДВАТ ""Шахта №5 ""Великомостівська”   - Західно-української Державної вугільної холдингової компанії",00178136,ГТ(б50),не працює; перебуває у процедурі у ліквідації за рішенням органу влади,,,,,,,,,,,,,,,,,,,,,,,,,,,,
2018,12,"ПУБЛІЧНЕ АКЦІОНЕРНЕ ТОВАРИСТВО ""ШАХТА ""НАДІЯ""",00178175,ГТ(б50),працює,,2.0,127.3,1.0,147.61282051282052,1.0,,,,,100.0,1.0,32.33333333333333,0.0,-1341.0,0.0,0.26,0.0,-0.6,0.0,-1.5,0.0,71.95,0.0,,,5.0,неефективна
2018,12," ДВАТ ""ЦЗФ ""Суходільська""",00178465,ГТ(б50),не працює; перебуває у процедурі у ліквідації за рішенням органу влади; АТО,,,,,,,,,,,,,,,,,,,,,,,,,,,,
2018,12,"ВАТ ""Брянківський рудоремонтний завод""",00178713,ГТ(б50),не працює; перебуває у процедурі банкрутства - ліквідація; АТО,,,,,,,,,,,,,,,,,,,,,,,,,,,,
2018,12,"ПАТ ""Вантажно-транспортне управління  ""Шахтарськвантажтранс""",00179252,ГТ(б50),ів; ІВ,,,,,,,,,,,,,,,,,,,,,,,,,,,,
2018,12,ВАТ “Червоноградська автобаза”,00179269,ГТ(б50),не працює; перебуває у процедурі банкрутства - ліквідація,,,,,,,,,,,,,,,,,,,,,,,,,,,,
2018,12,"ДВАТ ""Стахановпромтранс""",00179364,ГТ(б50),не працює; перебуває у процедурі банкрутства - санація; АТО,,,,,,,,,,,,,,,,,,,,,,,,,,,,
2018,12,ПАТ Виробничо-технологічний зв’язок “Укрвуглетелеком”,00179559,ГТ(б50),не працює; АТО,,,,,,,,,,,,,,,,,,,,,,,,,,,,
2018,12,ДВАТ „Трест „Донецьквуглебуд”,00179752,ГТ(б50),не працює; перебуває у процедурі реорганізації; АТО,,,,,,,,,,,,,,,,,,,,,,,,,,,,
2018,12,"ДВАТ ""Вуглебуд""",00179967,ГТ(б50),не працює; перебуває у процедурі банкрутства - ліквідація,,,,,,,,,,,,,,,,,,,,,,,,,,,,
2018,12,"ВАТ ДХК ""Трест ""Горлівськвуглебуд"":",00180077,ГТ(б50),не працює; перебуває у процедурі у ліквідації за рішенням органу влади; АТО,,,,,,,,,,,,,,,,,,,,,,,,,,,,
2018,12,"ДВАТ ""Шахтобудмонтажне управління №9"" -дочірнє  підприємство  ВАТ ДХК „Трест Горлівськвуглебуд”",00180092,ГТ(б50),не працює; АТО,,,,,,,,,,,,,,,,,,,,,,,,,,,,
2018,12,"ДВАТ ""Шахтопрохідне управління №10"" -дочірнє  підприємство ВАТ ДХК “Трест Горлівськвуглебуд”",00180108,ГТ(б50),не працює; АТО,,,,,,,,,,,,,,,,,,,,,,,,,,,,
2018,12,"ДВАТ ""Шахтобудівельне управління №1""-дочірне підприємство ДХК ""Трест ""Горлівськвуглебуд""",00180120,ГТ(б50),не працює; АТО,,,,,,,,,,,,,,,,,,,,,,,,,,,,
2018,12,"ДВАТ ""Шахтобудівельне управління №4"" - дочірнє  підприємство ВАТ ДХК “Трест Горлівськвуглебуд”",00180137,ГТ(б50),не працює; перебуває у процедурі банкрутства; АТО,,,,,,,,,,,,,,,,,,,,,,,,,,,,
2018,12,"ПАТ ""ДХК ""Спецшахтобуріння""",00180367,ГТ(б50),не працює; перебуває у процедурі у ліквідації за рішенням органу влади; АТО,,,,,,,,,,,,,,,,,,,,,,,,,,,,
2018,12,"ДАК ""Донбасвуглеавтоматика""",00180410,ГТ(б50),не працює; перебуває у процедурі банкрутства - розпорядження майном; АТО,,,,,,,,,,,,,,,,,,,,,,,,,,,,
2018,12,"ДВАТ ""Трест ""Донецькшахтобуд""",00180568,ГТ(б50),не працює; АТО,,,,,,,,,,,,,,,,,,,,,,,,,,,,
2018,12,"ПАТ ""Донбасшахтобуд""",00180634,ГТ(б50),не працює; АТО,,,,,,,,,,,,,,,,,,,,,,,,,,,,
2018,12,"ВАТ ""Трест ""Артемшахтобуд""",00180717,ГТ(б50),не працює; перебуває у процедурі у ліквідації за рішенням органу влади; АТО,,,,,,,,,,,,,,,,,,,,,,,,,,,,
2018,12,"ВАТ ""Трест ""Красноармійськшахтобуд""",00180798,ГТ(б50),не працює; перебуває у процедурі у ліквідації за рішенням органу влади,,,,,,,,,,,,,,,,,,,,,,,,,,,,
2018,12,"ВАТ  ""Трест ""Донецькшахтопроходка""",00180841,ГТ(б50),не працює; перебуває у процедурі банкрутства - ліквідація; АТО,,,,,,,,,,,,,,,,,,,,,,,,,,,,
2018,12," ВАТ ДХК ""Луганськвуглебуд"":",00180982,ГТ(б50),не працює; перебуває у процедурі у ліквідації за рішенням органу влади; АТО,,,,,,,,,,,,,,,,,,,,,,,,,,,,
2018,12,"ВАТ ""Шахтобудівельник"" дочірнє підприємство 
ДХК ""Луганськвуглебуд""",00181036,ГТ(б50),не працює; перебуває у процедурі у ліквідації за рішенням органу влади; АТО,,,,,,,,,,,,,,,,,,,,,,,,,,,,
2018,12,"ДВАТ ""Трест ""Стахановвуглебуд""",00181119,ГТ(б50),не працює; перебуває у процедурі у ліквідації за рішенням органу влади; АТО,,,,,,,,,,,,,,,,,,,,,,,,,,,,
2018,12,"ВАТ ""Первомайське шахтобудівельне управління""",00181131,ГТ(б50),не працює; перебуває у процедурі у ліквідації за рішенням органу влади; АТО,,,,,,,,,,,,,,,,,,,,,,,,,,,,
2018,12,"ДВАТ ""Свердловськінвестбуд""",00181384,ГТ(б50),не працює; АТО,,,,,,,,,,,,,,,,,,,,,,,,,,,,
2018,12," ВАТ ДХК ""Луганськшахтобуд""",00181421,ГТ(б50),не працює; перебуває у процедурі у ліквідації за рішенням органу влади; АТО,,,,,,,,,,,,,,,,,,,,,,,,,,,,
2018,12,"ВАТ ""Трест ""Свердловськшахтобуд""",00181496,ГТ(б50),не працює; перебуває у процедурі у ліквідації за рішенням органу влади; АТО,,,,,,,,,,,,,,,,,,,,,,,,,,,,
2018,12,"ВАТ ""Трест ""Краснодоншахтобуд""",00181585,ГТ(б50),не працює; АТО,,,,,,,,,,,,,,,,,,,,,,,,,,,,
2018,12,"ДВАТ ""Першотравенське шахтобудівельне управління №4"" дочірнє підприємство ДХК ""Дніпрошахтобуд""",00181846,ГТ(б50),не працює; перебуває у процедурі банкрутства,,,,,,,,,,,,,,,,,,,,,,,,,,,,
2018,12,"ДВАТ ""Спецтампонажгеологія""",00182018,ГТ(б50),не працює; перебуває у процедурі банкрутства - ліквідація; АТО,,,,,,,,,,,,,,,,,,,,,,,,,,,,
2018,12,"ДВАТ ""Учбово-курсовий комбінат""",00185666,ГТ(б50),не працює; АТО,,,,,,,,,,,,,,,,,,,,,,,,,,,,
2018,12,ДВАТ “Трест „Краснодонвуглебуд”,03077552,ГТ(б50),не працює; перебуває у процедурі у ліквідації за рішенням органу влади; АТО,,,,,,,,,,,,,,,,,,,,,,,,,,,,
2018,12,"ПАТ ""Дондіпрошахт""",05400632,ГТ(б50),не працює; АТО,,,,,,,,,,,,,,,,,,,,,,,,,,,,
2018,12,ПАТ Луганськдiпpошахт,05400856,ГТ(б50),ів; ІВ,,,,,,,,,,,,,,,,,,,,,,,,,,,,
2018,12,"ДВАТ ""ГЗФ ""ЛУГАНСЬКА""- ДОЧІРНЕ ПІДПРИЄМСТВО ДХК ""ЛУГАНСЬКВУГІЛЛЯ""",05400916,ГТ(б50),не працює; АТО,,,,,,,,,,,,,,,,,,,,,,,,,,,,
2018,12,"ПАТ ""Антрацитівське управління по ремонту та налагодженню гірничошахтного устаткування""",05400922,ГТ(б50),не працює; АТО,,,,,,,,,,,,,,,,,,,,,,,,,,,,
2018,12,"ВАТ ""ДХК ""Олександріявугілля""",05402737,ГТ(б50),не працює; перебуває у процедурі у ліквідації за рішенням органу влади,,,,,,,,,,,,,,,,,,,,,,,,,,,,
2018,12,"ДВАТ ""Олександрійська автобаза"" - дочірнє підприємство ДХК ""Олександріявугілля""",05427855,ГТ(б50),не працює; перебуває у процедурі у ліквідації за рішенням органу влади,,,,,,,,,,,,,,,,,,,,,,,,,,,,
2018,12,"ДВАТ ""Луганське  ремонтно-будівельне  товариство""",05427915,ГТ(б50),не працює; АТО,,,,,,,,,,,,,,,,,,,,,,,,,,,,
2018,12,"ПАТ ""Стаханівський вузол виробничо-технологічного зв'язку""- дочірнє підприємство ДХК “Луганськвугілля”",05427938,ГТ(б50),не працює; АТО,,,,,,,,,,,,,,,,,,,,,,,,,,,,
2018,12,"ВАТ ""Проектно-технологічний трест ""Оргтехшахтобуд""",05428106,ГТ(б50),не працює; перебуває у процедурі у ліквідації за рішенням органу влади; АТО,,,,,,,,,,,,,,,,,,,,,,,,,,,,
2018,12,"ВАТ ""Донецькшахтобуд""",05432307,ГТ(б50),не працює; перебуває у процедурі у ліквідації за рішенням органу влади; АТО,,,,,,,,,,,,,,,,,,,,,,,,,,,,
2018,12,"ДВАТ ""Донецькшахтобудтранс""",05432394,ГТ(б50),не працює; перебуває у процедурі банкрутства - ліквідація; АТО,,,,,,,,,,,,,,,,,,,,,,,,,,,,
2018,12,"ВАТ ДХК ""Селидіввугілля""",05511107,ГТ(б50),не працює,,,,,,,,,,,,,,,,,,,,,,,,,,,,
2018,12,"ВАТ ДХК ""Лисичанськвугілля""",05511136,ГТ(б50),не працює; перебуває у процедурі у ліквідації за рішенням органу влади,,,,,,,,,,,,,,,,,,,,,,,,,,,,
2018,12,"ДВАТ ""Підприємство по ремонту та наладжуванню ГШО"" дочірнє підприємство ДХК ""Жовтеньвугілля""",05515619,ГТ(б50),не працює; перебуває у процедурі банкрутства - ліквідація; АТО,,,,,,,,,,,,,,,,,,,,,,,,,,,,
2018,12,"ДВАТ ""Шахтобудівельне управління №6""   
ДП ДХК ""Трест ""Горлівськвуглебуд""",05517038,ГТ(б50),не працює; перебуває у процедурі у ліквідації за рішенням органу влади; АТО,,,,,,,,,,,,,,,,,,,,,,,,,,,,
2018,12,"ДВАТ „Управління матеріально-технічного постачання” дочірнє підприємство ДХК ""Луганськшахтобуд""",13392881,ГТ(б50),не працює; перебуває у процедурі у ліквідації за рішенням органу влади; АТО,,,,,,,,,,,,,,,,,,,,,,,,,,,,
2018,12,"ДВАТ ""Вуглеатотранс"" дочірне підприємство ДХК ""Луганськвуглебуд""",13402711,ГТ(б50),не працює; АТО,,,,,,,,,,,,,,,,,,,,,,,,,,,,
2018,12,"ДВАТ “Енергетичне управління” дочірнє підприємство 
ДХК ""Жовтеньвугілля""",20323581,ГТ(б50),не працює; перебуває у процедурі банкрутства - санація; АТО,,,,,,,,,,,,,,,,,,,,,,,,,,,,
2018,12,"Приватне акціонерне товариство ""Укргідроенерго""",20588716,ГТ(б50),працює,,2.0,136.7,1.0,113.3,1.0,144.3,1.0,,,86.6,,89.2,,250.3,5.0,1.7,1.0,4.2,1.0,0.8,1.0,15.3,1.0,,,14.0,ефективна
2018,12,"ДВАТ ""Інформаційно-обчислювальний центр""",23413319,ГТ(б50),не працює; перебуває у процедурі банкрутства - ліквідація,,,,,,,,,,,,,,,,,,,,,,,,,,,,
2018,12,"ДВАТ ""Краснодонська автобаза""дочірне підприємство ВАТДХК ""Луганськшахтобуд""",24047294,ГТ(б50),не працює; перебуває у процедурі у ліквідації за рішенням органу влади; АТО,,,,,,,,,,,,,,,,,,,,,,,,,,,,
2018,12,"ДВАТ ""Управління комп'ютерно-інформаційного забезпечення ""Антрацитвуглесервіс""",24048572,ГТ(б50),не працює; перебуває у процедурі у ліквідації за рішенням органу влади; АТО,,,,,,,,,,,,,,,,,,,,,,,,,,,,
2018,12,"ДВАТ ""Донецьквуглересурси""",24167785,ГТ(б50),не працює; перебуває у процедурі у ліквідації за рішенням органу влади; АТО,,,,,,,,,,,,,,,,,,,,,,,,,,,,
2018,12,"ДВАТ ""Луганськвуглересурси""",24180449,ГТ(б50),не працює; перебуває у процедурі банкрутства - ліквідація,,,,,,,,,,,,,,,,,,,,,,,,,,,,
2018,12,"ПАТ ""Науково-дослідний та проектно-конструкторський інститут ""Вуглемеханізація""",24183643,ГТ(б50),не працює,,,,,,,,,,,,,,,,,,,,,,,,,,,,
2018,12,"ДВАТ ""Шахтобудівельне монтажне управління""",24188221,ГТ(б50),не працює; АТО,,,,,,,,,,,,,,,,,,,,,,,,,,,,
2018,12,"ПАТ ""Будинок відпочинку ""Горизонт""",24461183,ГТ(б50),не працює; АТО,,,,,,,,,,,,,,,,,,,,,,,,,,,,
2018,12,"ВАТ ""Нафтовик""",24775125,ГТ(б50),не працює; перебуває у процедурі у ліквідації за рішенням органу влади,,,,,,,,,,,,,,,,,,,,,,,,,,,,
2018,12,"ДВАТ ""Шахтобудівельне управління №5""",24813914,ГТ(б50),не працює; перебуває у процедурі у ліквідації за рішенням органу влади,,,,,,,,,,,,,,,,,,,,,,,,,,,,
2018,12,"ПРАТ ""НИЖНЬОДНІСТРОВСЬКА ГЕС""",30149623,ГТ(б50),працює,,2.0,127.4,1.0,144.5,1.0,235.0,1.0,,,70.7,,158.2,1.0,238.4,5.0,3.9,1.0,16.8,1.0,0.9,1.0,63.5,1.0,,,15.0,ефективна
2018,12,"ДАК ""Вугілля України""",30186047,ГТ(б50),не працює; перебуває у процедурі у ліквідації за рішенням органу влади,,,,,,,,,,,,,,,,,,,,,,,,,,,,
2018,12,"ДВАТ ""ЦЗФ “Сердитянська”  - дочірнє підприємство 
ДХК ""Шахтарськантрацит""",30379541,ГТ(б50),не працює; перебуває у процедурі у ліквідації за рішенням органу влади; АТО,,,,,,,,,,,,,,,,,,,,,,,,,,,,
2018,12,"ПАТ ДХК ""Луганськвуглепереробка""",30463890,ГТ(б50),не працює; АТО,,,,,,,,,,,,,,,,,,,,,,,,,,,,
2018,12,ПАТ Автоматгipмаш iм.В.А.Антипова,30556266,ГТ(б50),ів; ІВ,,,,,,,,,,,,,,,,,,,,,,,,,,,,
2018,12,"ДВАТ ""Шахта ім.К.І.Поченкова"" - дочірнє підприємство 
ДХК ""Макіїввугілля""",31313764,ГТ(б50),не працює; перебуває у процедурі у ліквідації за рішенням органу влади; АТО,,,,,,,,,,,,,,,,,,,,,,,,,,,,
2018,12,"ПУБЛІЧНЕ АКЦІОНЕРНЕ ТОВАРИСТВО ""ЛИСИЧАНСЬКВУГІЛЛЯ""",32359108,ГТ(б50),працює,39.3,1.0,114.2,1.0,51.638629736917466,0.0,,,,,100.0,1.0,24.881130723637074,0.0,88.7,3.0,,,-0.86,0.0,-6.41297493107872,0.0,37.4,1.0,,,7.0,неефективна
2018,12,НАК Енергетична  компанiя України,32984271,ГТ(б50),не працює; перебуває у процедурі у ліквідації за рішенням органу влади,,,,,,,,,,,,,,,,,,,,,,,,,,,,
2018,12,"ДВАТ ""Вуглебуд""",33049493,ГТ(б50),не працює; перебуває у процедурі банкрутства - ліквідація; АТО,,,,,,,,,,,,,,,,,,,,,,,,,,,,
2018,12,"ДВАТ ""Макіїввуглебуд""",33049509,ГТ(б50),не працює; перебуває у процедурі у ліквідації за рішенням органу влади; АТО,,,,,,,,,,,,,,,,,,,,,,,,,,,,
2018,12,"ВАТ ""Горлівське управління шахтобудмеханізації""",35801987,ГТ(б50),не працює; перебуває у процедурі у ліквідації за рішенням органу влади; АТО,,,,,,,,,,,,,,,,,,,,,,,,,,,,
2018,12,"ПУБЛІЧНЕ АКЦІОНЕРНЕ ТОВАРИСТВО ""МАГІСТРАЛЬНІ ГАЗОПРОВОДИ УКРАЇНИ""",41089111,ГТ(б50),працює,,2.0,207.5,1.0,0.0,0.0,102.3,1.0,,,,,100.0,1.0,42.2,3.0,1.3,1.0,26.2,1.0,0.9,1.0,4.4,1.0,,,12.0,задовільна
